case_id,date,tmax_c,tmin_c,data_type
mumbai,2025-01-01,29.77,21.77,synthetic
mumbai,2025-01-02,30.64,22.22,synthetic
mumbai,2025-01-03,31.21,22.76,synthetic
mumbai,2025-01-04,31.26,23.19,synthetic
mumbai,2025-01-05,30.8,23.18,synthetic
mumbai,2025-01-06,29.98,22.46,synthetic
mumbai,2025-01-07,29.12,21.26,synthetic
mumbai,2025-01-08,28.53,20.2,synthetic
mumbai,2025-01-09,28.43,19.94,synthetic
mumbai,2025-01-10,28.86,20.65,synthetic
mumbai,2025-01-11,29.68,21.95,synthetic
mumbai,2025-01-12,30.6,23.1,synthetic
mumbai,2025-01-13,31.29,23.56,synthetic
mumbai,2025-01-14,31.52,23.31,synthetic
mumbai,2025-01-15,31.21,22.71,synthetic
mumbai,2025-01-16,30.49,22.16,synthetic
mumbai,2025-01-17,29.62,21.76,synthetic
mumbai,2025-01-18,28.92,21.4,synthetic
mumbai,2025-01-19,28.67,21.05,synthetic
mumbai,2025-01-20,28.96,20.89,synthetic
mumbai,2025-01-21,29.7,21.24,synthetic
mumbai,2025-01-22,30.63,22.21,synthetic
mumbai,2025-01-23,31.44,23.44,synthetic
mumbai,2025-01-24,31.83,24.25,synthetic
mumbai,2025-01-25,31.69,24.14,synthetic
mumbai,2025-01-26,31.08,23.15,synthetic
mumbai,2025-01-27,30.23,21.85,synthetic
mumbai,2025-01-28,29.46,20.98,synthetic
mumbai,2025-01-29,29.06,20.92,synthetic
mumbai,2025-01-30,29.2,21.53,synthetic
mumbai,2025-01-31,29.83,22.32,synthetic
mumbai,2025-02-01,30.75,22.95,synthetic
mumbai,2025-02-02,31.64,23.36,synthetic
mumbai,2025-02-03,32.19,23.69,synthetic
mumbai,2025-02-04,32.22,23.96,synthetic
mumbai,2025-02-05,31.74,23.95,synthetic
mumbai,2025-02-06,30.94,23.44,synthetic
mumbai,2025-02-07,30.12,22.44,synthetic
mumbai,2025-02-08,29.59,21.44,synthetic
mumbai,2025-02-09,29.57,21.09,synthetic
mumbai,2025-02-10,30.08,21.71,synthetic
mumbai,2025-02-11,30.95,23.03,synthetic
mumbai,2025-02-12,31.89,24.35,synthetic
mumbai,2025-02-13,32.57,24.99,synthetic
mumbai,2025-02-14,32.78,24.77,synthetic
mumbai,2025-02-15,32.45,24.02,synthetic
mumbai,2025-02-16,31.72,23.27,synthetic
mumbai,2025-02-17,30.88,22.82,synthetic
mumbai,2025-02-18,30.24,22.62,synthetic
mumbai,2025-02-19,30.07,22.55,synthetic
mumbai,2025-02-20,30.43,22.56,synthetic
mumbai,2025-02-21,31.23,22.89,synthetic
mumbai,2025-02-22,32.19,23.7,synthetic
mumbai,2025-02-23,32.98,24.78,synthetic
mumbai,2025-02-24,33.35,25.63,synthetic
mumbai,2025-02-25,33.18,25.68,synthetic
mumbai,2025-02-26,32.56,24.82,synthetic
mumbai,2025-02-27,31.72,23.5,synthetic
mumbai,2025-02-28,31.0,22.5,synthetic
mumbai,2025-03-01,30.67,22.35,synthetic
mumbai,2025-03-02,30.88,23.03,synthetic
mumbai,2025-03-03,31.57,24.05,synthetic
mumbai,2025-03-04,32.52,24.89,synthetic
mumbai,2025-03-05,33.41,25.33,synthetic
mumbai,2025-03-06,33.93,25.47,synthetic
mumbai,2025-03-07,33.92,25.51,synthetic
mumbai,2025-03-08,33.42,25.43,synthetic
mumbai,2025-03-09,32.61,25.04,synthetic
mumbai,2025-03-10,31.83,24.28,synthetic
mumbai,2025-03-11,31.36,23.42,synthetic
mumbai,2025-03-12,31.41,23.02,synthetic
mumbai,2025-03-13,31.98,23.5,synthetic
mumbai,2025-03-14,32.88,24.75,synthetic
mumbai,2025-03-15,33.82,26.16,synthetic
mumbai,2025-03-16,34.48,26.97,synthetic
mumbai,2025-03-17,34.64,26.83,synthetic
mumbai,2025-03-18,34.28,26.0,synthetic
mumbai,2025-03-19,33.53,25.03,synthetic
mumbai,2025-03-20,32.71,24.45,synthetic
mumbai,2025-03-21,32.12,24.34,synthetic
mumbai,2025-03-22,32.01,24.51,synthetic
mumbai,2025-03-23,32.43,24.74,synthetic
mumbai,2025-03-24,33.27,25.11,synthetic
mumbai,2025-03-25,34.23,25.75,synthetic
mumbai,2025-03-26,35.0,26.63,synthetic
mumbai,2025-03-27,35.33,27.42,synthetic
mumbai,2025-03-28,35.11,27.57,synthetic
mumbai,2025-03-29,34.45,26.86,synthetic
mumbai,2025-03-30,33.62,25.6,synthetic
mumbai,2025-03-31,32.93,24.5,synthetic
mumbai,2025-04-01,32.66,24.21,synthetic
mumbai,2025-04-02,32.92,24.87,synthetic
mumbai,2025-04-03,33.66,26.05,synthetic
mumbai,2025-04-04,34.61,27.08,synthetic
mumbai,2025-04-05,35.47,27.59,synthetic
mumbai,2025-04-06,35.95,27.61,synthetic
mumbai,2025-04-07,35.89,27.4,synthetic
mumbai,2025-04-08,35.34,27.15,synthetic
mumbai,2025-04-09,34.52,26.81,synthetic
mumbai,2025-04-10,33.75,26.25,synthetic
mumbai,2025-04-11,33.33,25.58,synthetic
mumbai,2025-04-12,33.43,25.2,synthetic
mumbai,2025-04-13,34.04,25.54,synthetic
mumbai,2025-04-14,34.96,26.65,synthetic
mumbai,2025-04-15,35.88,28.04,synthetic
mumbai,2025-04-16,36.49,28.98,synthetic
mumbai,2025-04-17,36.6,28.96,synthetic
mumbai,2025-04-18,36.17,28.08,synthetic
mumbai,2025-04-19,35.4,26.94,synthetic
mumbai,2025-04-20,34.58,26.17,synthetic
mumbai,2025-04-21,34.02,26.04,synthetic
mumbai,2025-04-22,33.95,26.38,synthetic
mumbai,2025-04-23,34.42,26.86,synthetic
mumbai,2025-04-24,35.27,27.32,synthetic
mumbai,2025-04-25,36.22,27.83,synthetic
mumbai,2025-04-26,36.94,28.47,synthetic
mumbai,2025-04-27,37.2,29.08,synthetic
mumbai,2025-04-28,36.92,29.26,synthetic
mumbai,2025-04-29,36.22,28.71,synthetic
mumbai,2025-04-30,35.37,27.56,synthetic
mumbai,2025-05-01,34.7,26.41,synthetic
mumbai,2025-05-02,34.47,25.97,synthetic
mumbai,2025-05-03,34.77,26.52,synthetic
mumbai,2025-05-04,35.52,27.75,synthetic
mumbai,2025-05-05,36.47,28.97,synthetic
mumbai,2025-05-06,37.29,29.6,synthetic
mumbai,2025-05-07,37.7,29.54,synthetic
mumbai,2025-05-08,37.57,29.08,synthetic
mumbai,2025-05-09,36.96,28.6,synthetic
mumbai,2025-05-10,36.11,28.21,synthetic
mumbai,2025-05-11,35.35,27.82,synthetic
mumbai,2025-05-12,34.95,27.36,synthetic
mumbai,2025-05-13,35.09,27.06,synthetic
mumbai,2025-05-14,35.72,27.29,synthetic
mumbai,2025-05-15,36.63,28.19,synthetic
mumbai,2025-05-16,37.51,29.47,synthetic
mumbai,2025-05-17,38.06,30.46,synthetic
mumbai,2025-05-18,38.08,30.55,synthetic
mumbai,2025-05-19,37.59,29.7,synthetic
mumbai,2025-05-20,36.78,28.43,synthetic
mumbai,2025-05-21,35.95,27.46,synthetic
mumbai,2025-05-22,35.41,27.23,synthetic
mumbai,2025-05-23,35.37,27.66,synthetic
mumbai,2025-05-24,35.85,28.35,synthetic
mumbai,2025-05-25,36.7,28.95,synthetic
mumbai,2025-05-26,37.62,29.39,synthetic
mumbai,2025-05-27,38.28,29.78,synthetic
mumbai,2025-05-28,38.46,30.16,synthetic
mumbai,2025-05-29,38.1,30.27,synthetic
mumbai,2025-05-30,37.35,29.84,synthetic
mumbai,2025-05-31,36.47,28.83,synthetic
mumbai,2025-06-01,35.81,27.71,synthetic
mumbai,2025-06-02,35.59,27.12,synthetic
mumbai,2025-06-03,35.92,27.52,synthetic
mumbai,2025-06-04,36.68,28.71,synthetic
mumbai,2025-06-05,37.6,30.04,synthetic
mumbai,2025-06-06,38.36,30.8,synthetic
mumbai,2025-06-07,38.68,30.72,synthetic
mumbai,2025-06-08,38.47,30.07,synthetic
mumbai,2025-06-09,37.8,29.33,synthetic
mumbai,2025-06-10,36.92,28.81,synthetic
mumbai,2025-06-11,36.14,28.49,synthetic
mumbai,2025-06-12,35.77,28.26,synthetic
mumbai,2025-06-13,35.92,28.1,synthetic
mumbai,2025-06-14,36.56,28.26,synthetic
mumbai,2025-06-15,37.46,28.96,synthetic
mumbai,2025-06-16,38.28,30.04,synthetic
mumbai,2025-06-17,38.75,30.99,synthetic
mumbai,2025-06-18,38.69,31.19,synthetic
mumbai,2025-06-19,38.12,30.42,synthetic
mumbai,2025-06-20,37.26,29.09,synthetic
mumbai,2025-06-21,36.41,27.92,synthetic
mumbai,2025-06-22,35.88,27.53,synthetic
mumbai,2025-06-23,35.86,27.97,synthetic
mumbai,2025-06-24,36.36,28.83,synthetic
mumbai,2025-06-25,37.2,29.6,synthetic
mumbai,2025-06-26,38.07,30.03,synthetic
mumbai,2025-06-27,38.65,30.21,synthetic
mumbai,2025-06-28,38.75,30.31,synthetic
mumbai,2025-06-29,38.31,30.27,synthetic
mumbai,2025-06-30,37.49,29.89,synthetic
mumbai,2025-07-01,36.59,29.06,synthetic
mumbai,2025-07-02,35.92,28.03,synthetic
mumbai,2025-07-03,35.73,27.38,synthetic
mumbai,2025-07-04,36.07,27.58,synthetic
mumbai,2025-07-05,36.83,28.66,synthetic
mumbai,2025-07-06,37.71,30.01,synthetic
mumbai,2025-07-07,38.4,30.9,synthetic
mumbai,2025-07-08,38.64,30.88,synthetic
mumbai,2025-07-09,38.34,30.1,synthetic
mumbai,2025-07-10,37.6,29.1,synthetic
mumbai,2025-07-11,36.68,28.38,synthetic
mumbai,2025-07-12,35.9,28.08,synthetic
mumbai,2025-07-13,35.54,28.03,synthetic
mumbai,2025-07-14,35.72,28.07,synthetic
mumbai,2025-07-15,36.36,28.25,synthetic
mumbai,2025-07-16,37.23,28.76,synthetic
mumbai,2025-07-17,38.0,29.6,synthetic
mumbai,2025-07-18,38.38,30.42,synthetic
mumbai,2025-07-19,38.23,30.67,synthetic
mumbai,2025-07-20,37.59,30.03,synthetic
mumbai,2025-07-21,36.68,28.71,synthetic
mumbai,2025-07-22,35.82,27.42,synthetic
mumbai,2025-07-23,35.3,26.83,synthetic
mumbai,2025-07-24,35.3,27.2,synthetic
mumbai,2025-07-25,35.81,28.17,synthetic
mumbai,2025-07-26,36.63,29.12,synthetic
mumbai,2025-07-27,37.46,29.63,synthetic
mumbai,2025-07-28,37.97,29.67,synthetic
mumbai,2025-07-29,37.98,29.48,synthetic
mumbai,2025-07-30,37.46,29.23,synthetic
mumbai,2025-07-31,36.59,28.84,synthetic
mumbai,2025-08-01,35.66,28.16,synthetic
mumbai,2025-08-02,35.01,27.3,synthetic
mumbai,2025-08-03,34.84,26.66,synthetic
mumbai,2025-08-04,35.2,26.71,synthetic
mumbai,2025-08-05,35.95,27.6,synthetic
mumbai,2025-08-06,36.8,28.91,synthetic
mumbai,2025-08-07,37.42,29.89,synthetic
mumbai,2025-08-08,37.58,29.98,synthetic
mumbai,2025-08-09,37.2,29.16,synthetic
mumbai,2025-08-10,36.4,27.96,synthetic
mumbai,2025-08-11,35.45,27.02,synthetic
mumbai,2025-08-12,34.68,26.65,synthetic
mumbai,2025-08-13,34.34,26.75,synthetic
mumbai,2025-08-14,34.54,27.01,synthetic
mumbai,2025-08-15,35.19,27.29,synthetic
mumbai,2025-08-16,36.04,27.68,synthetic
mumbai,2025-08-17,36.75,28.26,synthetic
mumbai,2025-08-18,37.06,28.9,synthetic
mumbai,2025-08-19,36.83,29.14,synthetic
mumbai,2025-08-20,36.13,28.63,synthetic
mumbai,2025-08-21,35.18,27.41,synthetic
mumbai,2025-08-22,34.32,26.07,synthetic
mumbai,2025-08-23,33.82,25.32,synthetic
mumbai,2025-08-24,33.86,25.57,synthetic
mumbai,2025-08-25,34.39,26.58,synthetic
mumbai,2025-08-26,35.2,27.69,synthetic
mumbai,2025-08-27,35.98,28.32,synthetic
mumbai,2025-08-28,36.43,28.31,synthetic
mumbai,2025-08-29,36.36,27.89,synthetic
mumbai,2025-08-30,35.78,27.39,synthetic
mumbai,2025-08-31,34.87,26.92,synthetic
mumbai,2025-09-01,33.94,26.39,synthetic
mumbai,2025-09-02,33.3,25.73,synthetic
mumbai,2025-09-03,33.17,25.19,synthetic
mumbai,2025-09-04,33.56,25.15,synthetic
mumbai,2025-09-05,34.31,25.85,synthetic
mumbai,2025-09-06,35.14,27.05,synthetic
mumbai,2025-09-07,35.71,28.07,synthetic
mumbai,2025-09-08,35.8,28.29,synthetic
mumbai,2025-09-09,35.35,27.51,synthetic
mumbai,2025-09-10,34.51,26.2,synthetic
mumbai,2025-09-11,33.55,25.05,synthetic
mumbai,2025-09-12,32.79,24.56,synthetic
mumbai,2025-09-13,32.49,24.74,synthetic
mumbai,2025-09-14,32.73,25.23,synthetic
mumbai,2025-09-15,33.4,25.69,synthetic
mumbai,2025-09-16,34.24,26.05,synthetic
mumbai,2025-09-17,34.91,26.42,synthetic
mumbai,2025-09-18,35.16,26.82,synthetic
mumbai,2025-09-19,34.87,26.99,synthetic
mumbai,2025-09-20,34.12,26.59,synthetic
mumbai,2025-09-21,33.16,25.55,synthetic
mumbai,2025-09-22,32.31,24.26,synthetic
mumbai,2025-09-23,31.85,23.4,synthetic
mumbai,2025-09-24,31.93,23.5,synthetic
mumbai,2025-09-25,32.5,24.48,synthetic
mumbai,2025-09-26,33.32,25.73,synthetic
mumbai,2025-09-27,34.07,26.53,synthetic
mumbai,2025-09-28,34.47,26.56,synthetic
mumbai,2025-09-29,34.34,25.97,synthetic
mumbai,2025-09-30,33.71,25.23,synthetic
mumbai,2025-10-01,32.78,24.62,synthetic
mumbai,2025-10-02,31.86,24.17,synthetic
mumbai,2025-10-03,31.27,23.77,synthetic
mumbai,2025-10-04,31.19,23.41,synthetic
mumbai,2025-10-05,31.62,23.36,synthetic
mumbai,2025-10-06,32.4,23.9,synthetic
mumbai,2025-10-07,33.21,24.93,synthetic
mumbai,2025-10-08,33.74,25.93,synthetic
mumbai,2025-10-09,33.78,26.27,synthetic
mumbai,2025-10-10,33.29,25.63,synthetic
mumbai,2025-10-11,32.42,24.29,synthetic
mumbai,2025-10-12,31.47,22.99,synthetic
mumbai,2025-10-13,30.75,22.36,synthetic
mumbai,2025-10-14,30.51,22.57,synthetic
mumbai,2025-10-15,30.81,23.26,synthetic
mumbai,2025-10-16,31.52,23.95,synthetic
mumbai,2025-10-17,32.36,24.37,synthetic
mumbai,2025-10-18,33.01,24.6,synthetic
mumbai,2025-10-19,33.21,24.75,synthetic
mumbai,2025-10-20,32.87,24.79,synthetic
mumbai,2025-10-21,32.1,24.47,synthetic
mumbai,2025-10-22,31.14,23.62,synthetic
mumbai,2025-10-23,30.33,22.48,synthetic
mumbai,2025-10-24,29.93,21.61,synthetic
mumbai,2025-10-25,30.08,21.58,synthetic
mumbai,2025-10-26,30.69,22.47,synthetic
mumbai,2025-10-27,31.53,23.79,synthetic
mumbai,2025-10-28,32.28,24.78,synthetic
mumbai,2025-10-29,32.64,24.92,synthetic
mumbai,2025-10-30,32.47,24.27,synthetic
mumbai,2025-10-31,31.81,23.32,synthetic
mumbai,2025-11-01,30.88,22.54,synthetic
mumbai,2025-11-02,30.0,22.13,synthetic
mumbai,2025-11-03,29.47,21.95,synthetic
mumbai,2025-11-04,29.45,21.83,synthetic
mumbai,2025-11-05,29.95,21.89,synthetic
mumbai,2025-11-06,30.76,22.31,synthetic
mumbai,2025-11-07,31.58,23.15,synthetic
mumbai,2025-11-08,32.09,24.08,synthetic
mumbai,2025-11-09,32.09,24.51,synthetic
mumbai,2025-11-10,31.57,24.03,synthetic
mumbai,2025-11-11,30.7,22.78,synthetic
mumbai,2025-11-12,29.78,21.41,synthetic
mumbai,2025-11-13,29.12,20.64,synthetic
mumbai,2025-11-14,28.96,20.81,synthetic
mumbai,2025-11-15,29.32,21.64,synthetic
mumbai,2025-11-16,30.08,22.58,synthetic
mumbai,2025-11-17,30.94,23.15,synthetic
mumbai,2025-11-18,31.57,23.31,synthetic
mumbai,2025-11-19,31.75,23.25,synthetic
mumbai,2025-11-20,31.39,23.11,synthetic
mumbai,2025-11-21,30.6,22.8,synthetic
mumbai,2025-11-22,29.67,22.16,synthetic
mumbai,2025-11-23,28.91,21.24,synthetic
mumbai,2025-11-24,28.6,20.46,synthetic
mumbai,2025-11-25,28.82,20.34,synthetic
mumbai,2025-11-26,29.49,21.11,synthetic
mumbai,2025-11-27,30.37,22.44,synthetic
mumbai,2025-11-28,31.11,23.56,synthetic
mumbai,2025-11-29,31.45,23.87,synthetic
mumbai,2025-11-30,31.26,23.26,synthetic
mumbai,2025-12-01,30.59,22.17,synthetic
mumbai,2025-12-02,29.68,21.22,synthetic
mumbai,2025-12-03,28.85,20.78,synthetic
mumbai,2025-12-04,28.39,20.77,synthetic
mumbai,2025-12-05,28.46,20.94,synthetic
mumbai,2025-12-06,29.03,21.17,synthetic
mumbai,2025-12-07,29.89,21.56,synthetic
mumbai,2025-12-08,30.72,22.22,synthetic
mumbai,2025-12-09,31.21,23.0,synthetic
mumbai,2025-12-10,31.19,23.46,synthetic
mumbai,2025-12-11,30.66,23.16,synthetic
mumbai,2025-12-12,29.8,22.07,synthetic
mumbai,2025-12-13,28.92,20.71,synthetic
mumbai,2025-12-14,28.34,19.85,synthetic
mumbai,2025-12-15,28.26,19.93,synthetic
mumbai,2025-12-16,28.7,20.84,synthetic
mumbai,2025-12-17,29.52,22.0,synthetic
mumbai,2025-12-18,30.4,22.78,synthetic
mumbai,2025-12-19,31.03,22.96,synthetic
mumbai,2025-12-20,31.19,22.74,synthetic
mumbai,2025-12-21,30.81,22.39,synthetic
mumbai,2025-12-22,30.03,22.03,synthetic
mumbai,2025-12-23,29.13,21.55,synthetic
mumbai,2025-12-24,28.44,20.89,synthetic
mumbai,2025-12-25,28.21,20.28,synthetic
mumbai,2025-12-26,28.52,20.14,synthetic
mumbai,2025-12-27,29.26,20.78,synthetic
mumbai,2025-12-28,30.17,22.03,synthetic
mumbai,2025-12-29,30.92,23.25,synthetic
mumbai,2025-12-30,31.25,23.74,synthetic
mumbai,2025-12-31,31.03,23.24,synthetic
beira,2025-01-01,36.0,28.0,synthetic
beira,2025-01-02,36.22,27.8,synthetic
beira,2025-01-03,35.9,27.45,synthetic
beira,2025-01-04,35.15,27.08,synthetic
beira,2025-01-05,34.24,26.62,synthetic
beira,2025-01-06,33.48,25.96,synthetic
beira,2025-01-07,33.15,25.29,synthetic
beira,2025-01-08,33.35,25.02,synthetic
beira,2025-01-09,34.02,25.53,synthetic
beira,2025-01-10,34.89,26.68,synthetic
beira,2025-01-11,35.65,27.92,synthetic
beira,2025-01-12,36.02,28.52,synthetic
beira,2025-01-13,35.85,28.12,synthetic
beira,2025-01-14,35.2,26.99,synthetic
beira,2025-01-15,34.29,25.79,synthetic
beira,2025-01-16,33.44,25.11,synthetic
beira,2025-01-17,32.95,25.09,synthetic
beira,2025-01-18,32.98,25.46,synthetic
beira,2025-01-19,33.51,25.89,synthetic
beira,2025-01-20,34.35,26.28,synthetic
beira,2025-01-21,35.17,26.71,synthetic
beira,2025-01-22,35.67,27.25,synthetic
beira,2025-01-23,35.65,27.65,synthetic
beira,2025-01-24,35.12,27.54,synthetic
beira,2025-01-25,34.24,26.69,synthetic
beira,2025-01-26,33.33,25.4,synthetic
beira,2025-01-27,32.69,24.31,synthetic
beira,2025-01-28,32.55,24.07,synthetic
beira,2025-01-29,32.94,24.8,synthetic
beira,2025-01-30,33.71,26.04,synthetic
beira,2025-01-31,34.56,27.05,synthetic
beira,2025-02-01,35.17,27.37,synthetic
beira,2025-02-02,35.31,27.03,synthetic
beira,2025-02-03,34.91,26.41,synthetic
beira,2025-02-04,34.1,25.84,synthetic
beira,2025-02-05,33.15,25.36,synthetic
beira,2025-02-06,32.4,24.9,synthetic
beira,2025-02-07,32.09,24.41,synthetic
beira,2025-02-08,32.32,24.17,synthetic
beira,2025-02-09,32.99,24.51,synthetic
beira,2025-02-10,33.84,25.47,synthetic
beira,2025-02-11,34.54,26.62,synthetic
beira,2025-02-12,34.83,27.29,synthetic
beira,2025-02-13,34.58,27.0,synthetic
beira,2025-02-14,33.86,25.85,synthetic
beira,2025-02-15,32.92,24.49,synthetic
beira,2025-02-16,32.07,23.62,synthetic
beira,2025-02-17,31.59,23.53,synthetic
beira,2025-02-18,31.66,24.04,synthetic
beira,2025-02-19,32.21,24.69,synthetic
beira,2025-02-20,33.03,25.16,synthetic
beira,2025-02-21,33.81,25.47,synthetic
beira,2025-02-22,34.24,25.75,synthetic
beira,2025-02-23,34.14,25.94,synthetic
beira,2025-02-24,33.54,25.82,synthetic
beira,2025-02-25,32.63,25.13,synthetic
beira,2025-02-26,31.71,23.97,synthetic
beira,2025-02-27,31.09,22.87,synthetic
beira,2025-02-28,30.98,22.48,synthetic
beira,2025-03-01,31.4,23.08,synthetic
beira,2025-03-02,32.16,24.31,synthetic
beira,2025-03-03,32.99,25.47,synthetic
beira,2025-03-04,33.54,25.91,synthetic
beira,2025-03-05,33.61,25.53,synthetic
beira,2025-03-06,33.14,24.68,synthetic
beira,2025-03-07,32.29,23.88,synthetic
beira,2025-03-08,31.33,23.34,synthetic
beira,2025-03-09,30.59,23.02,synthetic
beira,2025-03-10,30.31,22.76,synthetic
beira,2025-03-11,30.58,22.64,synthetic
beira,2025-03-12,31.27,22.88,synthetic
beira,2025-03-13,32.1,23.62,synthetic
beira,2025-03-14,32.76,24.63,synthetic
beira,2025-03-15,32.99,25.33,synthetic
beira,2025-03-16,32.67,25.16,synthetic
beira,2025-03-17,31.91,24.1,synthetic
beira,2025-03-18,30.94,22.66,synthetic
beira,2025-03-19,30.11,21.61,synthetic
beira,2025-03-20,29.67,21.41,synthetic
beira,2025-03-21,29.78,22.0,synthetic
beira,2025-03-22,30.36,22.86,synthetic
beira,2025-03-23,31.18,23.49,synthetic
beira,2025-03-24,31.93,23.77,synthetic
beira,2025-03-25,32.3,23.82,synthetic
beira,2025-03-26,32.15,23.78,synthetic
beira,2025-03-27,31.5,23.59,synthetic
beira,2025-03-28,30.56,23.02,synthetic
beira,2025-03-29,29.65,22.06,synthetic
beira,2025-03-30,29.08,21.06,synthetic
beira,2025-03-31,29.02,20.59,synthetic
beira,2025-04-01,29.48,21.03,synthetic
beira,2025-04-02,30.26,22.21,synthetic
beira,2025-04-03,31.06,23.45,synthetic
beira,2025-04-04,31.58,24.05,synthetic
beira,2025-04-05,31.59,23.71,synthetic
beira,2025-04-06,31.07,22.73,synthetic
beira,2025-04-07,30.19,21.7,synthetic
beira,2025-04-08,29.24,21.05,synthetic
beira,2025-04-09,28.54,20.83,synthetic
beira,2025-04-10,28.32,20.82,synthetic
beira,2025-04-11,28.64,20.89,synthetic
beira,2025-04-12,29.36,21.13,synthetic
beira,2025-04-13,30.19,21.69,synthetic
beira,2025-04-14,30.83,22.52,synthetic
beira,2025-04-15,31.0,23.16,synthetic
beira,2025-04-16,30.64,23.13,synthetic
beira,2025-04-17,29.85,22.21,synthetic
beira,2025-04-18,28.89,20.8,synthetic
beira,2025-04-19,28.09,19.63,synthetic
beira,2025-04-20,27.71,19.3,synthetic
beira,2025-04-21,27.88,19.9,synthetic
beira,2025-04-22,28.5,20.93,synthetic
beira,2025-04-23,29.34,21.78,synthetic
beira,2025-04-24,30.07,22.12,synthetic
beira,2025-04-25,30.41,22.02,synthetic
beira,2025-04-26,30.21,21.74,synthetic
beira,2025-04-27,29.53,21.41,synthetic
beira,2025-04-28,28.6,20.94,synthetic
beira,2025-04-29,27.72,20.21,synthetic
beira,2025-04-30,27.2,19.39,synthetic
beira,2025-05-01,27.21,18.92,synthetic
beira,2025-05-02,27.73,19.23,synthetic
beira,2025-05-03,28.54,20.29,synthetic
beira,2025-05-04,29.35,21.58,synthetic
beira,2025-05-05,29.83,22.33,synthetic
beira,2025-05-06,29.81,22.12,synthetic
beira,2025-05-07,29.26,21.1,synthetic
beira,2025-05-08,28.38,19.89,synthetic
beira,2025-05-09,27.46,19.1,synthetic
beira,2025-05-10,26.81,18.91,synthetic
beira,2025-05-11,26.67,19.14,synthetic
beira,2025-05-12,27.05,19.46,synthetic
beira,2025-05-13,27.81,19.78,synthetic
beira,2025-05-14,28.67,20.24,synthetic
beira,2025-05-15,29.28,20.84,synthetic
beira,2025-05-16,29.43,21.39,synthetic
beira,2025-05-17,29.04,21.44,synthetic
beira,2025-05-18,28.24,20.71,synthetic
beira,2025-05-19,27.3,19.41,synthetic
beira,2025-05-20,26.55,18.2,synthetic
beira,2025-05-21,26.25,17.76,synthetic
beira,2025-05-22,26.5,18.32,synthetic
beira,2025-05-23,27.18,19.47,synthetic
beira,2025-05-24,28.05,20.55,synthetic
beira,2025-05-25,28.78,21.03,synthetic
beira,2025-05-26,29.09,20.86,synthetic
beira,2025-05-27,28.87,20.37,synthetic
beira,2025-05-28,28.17,19.87,synthetic
beira,2025-05-29,27.25,19.42,synthetic
beira,2025-05-30,26.43,18.92,synthetic
beira,2025-05-31,25.99,18.35,synthetic
beira,2025-06-01,26.08,17.98,synthetic
beira,2025-06-02,26.66,18.19,synthetic
beira,2025-06-03,27.52,19.12,synthetic
beira,2025-06-04,28.33,20.36,synthetic
beira,2025-06-05,28.8,21.24,synthetic
beira,2025-06-06,28.75,21.19,synthetic
beira,2025-06-07,28.19,20.23,synthetic
beira,2025-06-08,27.32,18.92,synthetic
beira,2025-06-09,26.44,17.97,synthetic
beira,2025-06-10,25.87,17.76,synthetic
beira,2025-06-11,25.81,18.16,synthetic
beira,2025-06-12,26.27,18.76,synthetic
beira,2025-06-13,27.09,19.27,synthetic
beira,2025-06-14,27.96,19.66,synthetic
beira,2025-06-15,28.58,20.08,synthetic
beira,2025-06-16,28.7,20.46,synthetic
beira,2025-06-17,28.29,20.53,synthetic
beira,2025-06-18,27.49,19.99,synthetic
beira,2025-06-19,26.6,18.9,synthetic
beira,2025-06-20,25.92,17.75,synthetic
beira,2025-06-21,25.7,17.21,synthetic
beira,2025-06-22,26.03,17.68,synthetic
beira,2025-06-23,26.78,18.89,synthetic
beira,2025-06-24,27.68,20.15,synthetic
beira,2025-06-25,28.41,20.81,synthetic
beira,2025-06-26,28.71,20.67,synthetic
beira,2025-06-27,28.47,20.03,synthetic
beira,2025-06-28,27.77,19.33,synthetic
beira,2025-06-29,26.88,18.84,synthetic
beira,2025-06-30,26.12,18.52,synthetic
beira,2025-07-01,25.76,18.23,synthetic
beira,2025-07-02,25.94,18.05,synthetic
beira,2025-07-03,26.6,18.25,synthetic
beira,2025-07-04,27.5,19.01,synthetic
beira,2025-07-05,28.32,20.15,synthetic
beira,2025-07-06,28.78,21.08,synthetic
beira,2025-07-07,28.71,21.21,synthetic
beira,2025-07-08,28.14,20.38,synthetic
beira,2025-07-09,27.29,19.05,synthetic
beira,2025-07-10,26.47,17.97,synthetic
beira,2025-07-11,25.97,17.67,synthetic
beira,2025-07-12,26.0,18.18,synthetic
beira,2025-07-13,26.54,19.03,synthetic
beira,2025-07-14,27.41,19.76,synthetic
beira,2025-07-15,28.31,20.2,synthetic
beira,2025-07-16,28.91,20.44,synthetic
beira,2025-07-17,29.02,20.62,synthetic
beira,2025-07-18,28.6,20.64,synthetic
beira,2025-07-19,27.81,20.25,synthetic
beira,2025-07-20,26.95,19.39,synthetic
beira,2025-07-21,26.34,18.37,synthetic
beira,2025-07-22,26.22,17.82,synthetic
beira,2025-07-23,26.63,18.16,synthetic
beira,2025-07-24,27.44,19.34,synthetic
beira,2025-07-25,28.37,20.73,synthetic
beira,2025-07-26,29.1,21.59,synthetic
beira,2025-07-27,29.38,21.55,synthetic
beira,2025-07-28,29.11,20.81,synthetic
beira,2025-07-29,28.42,19.92,synthetic
beira,2025-07-30,27.56,19.33,synthetic
beira,2025-07-31,26.86,19.11,synthetic
beira,2025-08-01,26.58,19.08,synthetic
beira,2025-08-02,26.84,19.13,synthetic
beira,2025-08-03,27.57,19.39,synthetic
beira,2025-08-04,28.51,20.02,synthetic
beira,2025-08-05,29.34,20.99,synthetic
beira,2025-08-06,29.78,21.89,synthetic
beira,2025-08-07,29.68,22.15,synthetic
beira,2025-08-08,29.11,21.51,synthetic
beira,2025-08-09,28.27,20.23,synthetic
beira,2025-08-10,27.5,19.06,synthetic
beira,2025-08-11,27.08,18.65,synthetic
beira,2025-08-12,27.19,19.16,synthetic
beira,2025-08-13,27.8,20.21,synthetic
beira,2025-08-14,28.72,21.19,synthetic
beira,2025-08-15,29.62,21.72,synthetic
beira,2025-08-16,30.21,21.85,synthetic
beira,2025-08-17,30.29,21.8,synthetic
beira,2025-08-18,29.85,21.69,synthetic
beira,2025-08-19,29.06,21.37,synthetic
beira,2025-08-20,28.24,20.74,synthetic
beira,2025-08-21,27.7,19.93,synthetic
beira,2025-08-22,27.65,19.4,synthetic
beira,2025-08-23,28.13,19.63,synthetic
beira,2025-08-24,28.99,20.7,synthetic
beira,2025-08-25,29.94,22.13,synthetic
beira,2025-08-26,30.66,23.15,synthetic
beira,2025-08-27,30.91,23.25,synthetic
beira,2025-08-28,30.62,22.5,synthetic
beira,2025-08-29,29.91,21.44,synthetic
beira,2025-08-30,29.07,20.68,synthetic
beira,2025-08-31,28.42,20.47,synthetic
beira,2025-09-01,28.22,20.67,synthetic
beira,2025-09-02,28.55,20.98,synthetic
beira,2025-09-03,29.33,21.35,synthetic
beira,2025-09-04,30.29,21.88,synthetic
beira,2025-09-05,31.12,22.66,synthetic
beira,2025-09-06,31.52,23.43,synthetic
beira,2025-09-07,31.39,23.75,synthetic
beira,2025-09-08,30.79,23.28,synthetic
beira,2025-09-09,29.96,22.12,synthetic
beira,2025-09-10,29.23,20.92,synthetic
beira,2025-09-11,28.87,20.37,synthetic
beira,2025-09-12,29.05,20.82,synthetic
beira,2025-09-13,29.72,21.97,synthetic
beira,2025-09-14,30.66,23.16,synthetic
beira,2025-09-15,31.56,23.85,synthetic
beira,2025-09-16,32.12,23.93,synthetic
beira,2025-09-17,32.15,23.66,synthetic
beira,2025-09-18,31.68,23.34,synthetic
beira,2025-09-19,30.89,23.01,synthetic
beira,2025-09-20,30.09,22.56,synthetic
beira,2025-09-21,29.6,21.99,synthetic
beira,2025-09-22,29.61,21.56,synthetic
beira,2025-09-23,30.15,21.7,synthetic
beira,2025-09-24,31.04,22.61,synthetic
beira,2025-09-25,31.99,23.97,synthetic
beira,2025-09-26,32.67,25.08,synthetic
beira,2025-09-27,32.87,25.33,synthetic
beira,2025-09-28,32.54,24.63,synthetic
beira,2025-09-29,31.81,23.44,synthetic
beira,2025-09-30,30.98,22.5,synthetic
beira,2025-10-01,30.37,22.21,synthetic
beira,2025-10-02,30.22,22.53,synthetic
beira,2025-10-03,30.61,23.11,synthetic
beira,2025-10-04,31.42,23.64,synthetic
beira,2025-10-05,32.38,24.12,synthetic
beira,2025-10-06,33.18,24.68,synthetic
beira,2025-10-07,33.53,25.25,synthetic
beira,2025-10-08,33.35,25.54,synthetic
beira,2025-10-09,32.71,25.2,synthetic
beira,2025-10-10,31.88,24.22,synthetic
beira,2025-10-11,31.16,23.03,synthetic
beira,2025-10-12,30.85,22.37,synthetic
beira,2025-10-13,31.08,22.69,synthetic
beira,2025-10-14,31.79,23.85,synthetic
beira,2025-10-15,32.74,25.19,synthetic
beira,2025-10-16,33.61,26.04,synthetic
beira,2025-10-17,34.11,26.12,synthetic
beira,2025-10-18,34.08,25.67,synthetic
beira,2025-10-19,33.56,25.1,synthetic
beira,2025-10-20,32.75,24.67,synthetic
beira,2025-10-21,31.96,24.33,synthetic
beira,2025-10-22,31.5,23.98,synthetic
beira,2025-10-23,31.56,23.71,synthetic
beira,2025-10-24,32.13,23.81,synthetic
beira,2025-10-25,33.04,24.54,synthetic
beira,2025-10-26,33.96,25.74,synthetic
beira,2025-10-27,34.59,26.85,synthetic
beira,2025-10-28,34.72,27.22,synthetic
beira,2025-10-29,34.33,26.61,synthetic
beira,2025-10-30,33.56,25.36,synthetic
beira,2025-10-31,32.73,24.24,synthetic
beira,2025-11-01,32.14,23.8,synthetic
beira,2025-11-02,32.03,24.16,synthetic
beira,2025-11-03,32.45,24.93,synthetic
beira,2025-11-04,33.28,25.66,synthetic
beira,2025-11-05,34.22,26.16,synthetic
beira,2025-11-06,34.96,26.51,synthetic
beira,2025-11-07,35.25,26.82,synthetic
beira,2025-11-08,34.99,26.98,synthetic
beira,2025-11-09,34.31,26.73,synthetic
beira,2025-11-10,33.45,25.91,synthetic
beira,2025-11-11,32.75,24.83,synthetic
beira,2025-11-12,32.47,24.1,synthetic
beira,2025-11-13,32.73,24.25,synthetic
beira,2025-11-14,33.45,25.3,synthetic
beira,2025-11-15,34.38,26.7,synthetic
beira,2025-11-16,35.21,27.71,synthetic
beira,2025-11-17,35.64,27.85,synthetic
beira,2025-11-18,35.54,27.28,synthetic
beira,2025-11-19,34.95,26.45,synthetic
beira,2025-11-20,34.1,25.82,synthetic
beira,2025-11-21,33.31,25.51,synthetic
beira,2025-11-22,32.87,25.36,synthetic
beira,2025-11-23,32.96,25.29,synthetic
beira,2025-11-24,33.55,25.41,synthetic
beira,2025-11-25,34.45,25.97,synthetic
beira,2025-11-26,35.33,26.95,synthetic
beira,2025-11-27,35.89,27.96,synthetic
beira,2025-11-28,35.94,28.39,synthetic
beira,2025-11-29,35.47,27.89,synthetic
beira,2025-11-30,34.66,26.66,synthetic
beira,2025-12-01,33.8,25.38,synthetic
beira,2025-12-02,33.23,24.77,synthetic
beira,2025-12-03,33.14,25.07,synthetic
beira,2025-12-04,33.58,25.96,synthetic
beira,2025-12-05,34.41,26.89,synthetic
beira,2025-12-06,35.32,27.46,synthetic
beira,2025-12-07,35.99,27.66,synthetic
beira,2025-12-08,36.19,27.69,synthetic
beira,2025-12-09,35.86,27.65,synthetic
beira,2025-12-10,35.11,27.38,synthetic
beira,2025-12-11,34.22,26.72,synthetic
beira,2025-12-12,33.52,25.79,synthetic
beira,2025-12-13,33.26,25.05,synthetic
beira,2025-12-14,33.54,25.05,synthetic
beira,2025-12-15,34.27,25.94,synthetic
beira,2025-12-16,35.17,27.31,synthetic
beira,2025-12-17,35.94,28.42,synthetic
beira,2025-12-18,36.29,28.67,synthetic
beira,2025-12-19,36.1,28.03,synthetic
beira,2025-12-20,35.44,26.99,synthetic
beira,2025-12-21,34.55,26.13,synthetic
beira,2025-12-22,33.74,25.74,synthetic
beira,2025-12-23,33.32,25.74,synthetic
beira,2025-12-24,33.43,25.88,synthetic
beira,2025-12-25,34.03,26.1,synthetic
beira,2025-12-26,34.9,26.52,synthetic
beira,2025-12-27,35.73,27.25,synthetic
beira,2025-12-28,36.22,28.08,synthetic
beira,2025-12-29,36.18,28.51,synthetic
beira,2025-12-30,35.63,28.12,synthetic
beira,2025-12-31,34.77,26.98,synthetic
durban,2025-01-01,34.1,26.1,synthetic
durban,2025-01-02,33.48,25.06,synthetic
durban,2025-01-03,32.59,24.14,synthetic
durban,2025-01-04,31.74,23.67,synthetic
durban,2025-01-05,31.23,23.61,synthetic
durban,2025-01-06,31.25,23.73,synthetic
durban,2025-01-07,31.77,23.91,synthetic
durban,2025-01-08,32.6,24.27,synthetic
durban,2025-01-09,33.45,24.96,synthetic
durban,2025-01-10,33.98,25.77,synthetic
durban,2025-01-11,34.01,26.28,synthetic
durban,2025-01-12,33.52,26.02,synthetic
durban,2025-01-13,32.67,24.94,synthetic
durban,2025-01-14,31.76,23.55,synthetic
durban,2025-01-15,31.11,22.61,synthetic
durban,2025-01-16,30.95,22.62,synthetic
durban,2025-01-17,31.32,23.46,synthetic
durban,2025-01-18,32.08,24.56,synthetic
durban,2025-01-19,32.95,25.33,synthetic
durban,2025-01-20,33.59,25.52,synthetic
durban,2025-01-21,33.78,25.32,synthetic
durban,2025-01-22,33.42,25.0,synthetic
durban,2025-01-23,32.64,24.64,synthetic
durban,2025-01-24,31.7,24.12,synthetic
durban,2025-01-25,30.94,23.39,synthetic
durban,2025-01-26,30.6,22.67,synthetic
durban,2025-01-27,30.81,22.43,synthetic
durban,2025-01-28,31.47,22.99,synthetic
durban,2025-01-29,32.33,24.19,synthetic
durban,2025-01-30,33.06,25.39,synthetic
durban,2025-01-31,33.39,25.88,synthetic
durban,2025-02-01,33.18,25.38,synthetic
durban,2025-02-02,32.5,24.22,synthetic
durban,2025-02-03,31.56,23.06,synthetic
durban,2025-02-04,30.71,22.45,synthetic
durban,2025-02-05,30.21,22.42,synthetic
durban,2025-02-06,30.25,22.75,synthetic
durban,2025-02-07,30.79,23.11,synthetic
durban,2025-02-08,31.61,23.46,synthetic
durban,2025-02-09,32.41,23.93,synthetic
durban,2025-02-10,32.87,24.5,synthetic
durban,2025-02-11,32.82,24.9,synthetic
durban,2025-02-12,32.25,24.71,synthetic
durban,2025-02-13,31.35,23.77,synthetic
durban,2025-02-14,30.43,22.42,synthetic
durban,2025-02-15,29.8,21.37,synthetic
durban,2025-02-16,29.66,21.21,synthetic
durban,2025-02-17,30.05,21.99,synthetic
durban,2025-02-18,30.81,23.19,synthetic
durban,2025-02-19,31.65,24.13,synthetic
durban,2025-02-20,32.23,24.36,synthetic
durban,2025-02-21,32.34,24.0,synthetic
durban,2025-02-22,31.9,23.41,synthetic
durban,2025-02-23,31.07,22.87,synthetic
durban,2025-02-24,30.11,22.39,synthetic
durban,2025-02-25,29.36,21.86,synthetic
durban,2025-02-26,29.06,21.32,synthetic
durban,2025-02-27,29.29,21.07,synthetic
durban,2025-02-28,29.96,21.46,synthetic
durban,2025-03-01,30.8,22.48,synthetic
durban,2025-03-02,31.49,23.64,synthetic
durban,2025-03-03,31.75,24.23,synthetic
durban,2025-03-04,31.47,23.84,synthetic
durban,2025-03-05,30.73,22.65,synthetic
durban,2025-03-06,29.77,21.31,synthetic
durban,2025-03-07,28.92,20.51,synthetic
durban,2025-03-08,28.46,20.47,synthetic
durban,2025-03-09,28.53,20.96,synthetic
durban,2025-03-10,29.09,21.54,synthetic
durban,2025-03-11,29.91,21.97,synthetic
durban,2025-03-12,30.67,22.28,synthetic
durban,2025-03-13,31.07,22.59,synthetic
durban,2025-03-14,30.95,22.82,synthetic
durban,2025-03-15,30.33,22.67,synthetic
durban,2025-03-16,29.4,21.89,synthetic
durban,2025-03-17,28.48,20.67,synthetic
durban,2025-03-18,27.88,19.6,synthetic
durban,2025-03-19,27.79,19.29,synthetic
durban,2025-03-20,28.21,19.95,synthetic
durban,2025-03-21,28.98,21.2,synthetic
durban,2025-03-22,29.8,22.3,synthetic
durban,2025-03-23,30.33,22.64,synthetic
durban,2025-03-24,30.38,22.22,synthetic
durban,2025-03-25,29.89,21.41,synthetic
durban,2025-03-26,29.02,20.65,synthetic
durban,2025-03-27,28.06,20.15,synthetic
durban,2025-03-28,27.34,19.8,synthetic
durban,2025-03-29,27.08,19.49,synthetic
durban,2025-03-30,27.37,19.35,synthetic
durban,2025-03-31,28.06,19.63,synthetic
durban,2025-04-01,28.9,20.45,synthetic
durban,2025-04-02,29.55,21.5,synthetic
durban,2025-04-03,29.75,22.14,synthetic
durban,2025-04-04,29.42,21.89,synthetic
durban,2025-04-05,28.64,20.76,synthetic
durban,2025-04-06,27.68,19.34,synthetic
durban,2025-04-07,26.85,18.36,synthetic
durban,2025-04-08,26.44,18.25,synthetic
durban,2025-04-09,26.57,18.86,synthetic
durban,2025-04-10,27.17,19.67,synthetic
durban,2025-04-11,28.0,20.25,synthetic
durban,2025-04-12,28.74,20.51,synthetic
durban,2025-04-13,29.1,20.6,synthetic
durban,2025-04-14,28.93,20.62,synthetic
durban,2025-04-15,28.27,20.43,synthetic
durban,2025-04-16,27.33,19.82,synthetic
durban,2025-04-17,26.43,18.79,synthetic
durban,2025-04-18,25.88,17.79,synthetic
durban,2025-04-19,25.85,17.39,synthetic
durban,2025-04-20,26.33,17.92,synthetic
durban,2025-04-21,27.13,19.15,synthetic
durban,2025-04-22,27.94,20.37,synthetic
durban,2025-04-23,28.44,20.88,synthetic
durban,2025-04-24,28.44,20.49,synthetic
durban,2025-04-25,27.91,19.52,synthetic
durban,2025-04-26,27.03,18.56,synthetic
durban,2025-04-27,26.1,17.98,synthetic
durban,2025-04-28,25.42,17.76,synthetic
durban,2025-04-29,25.23,17.72,synthetic
durban,2025-04-30,25.58,17.77,synthetic
durban,2025-05-01,26.32,18.03,synthetic
durban,2025-05-02,27.16,18.66,synthetic
durban,2025-05-03,27.79,19.54,synthetic
durban,2025-05-04,27.96,20.19,synthetic
durban,2025-05-05,27.59,20.09,synthetic
durban,2025-05-06,26.79,19.1,synthetic
durban,2025-05-07,25.85,17.69,synthetic
durban,2025-05-08,25.07,16.58,synthetic
durban,2025-05-09,24.73,16.37,synthetic
durban,2025-05-10,24.93,17.03,synthetic
durban,2025-05-11,25.58,18.05,synthetic
durban,2025-05-12,26.44,18.85,synthetic
durban,2025-05-13,27.17,19.14,synthetic
durban,2025-05-14,27.5,19.07,synthetic
durban,2025-05-15,27.3,18.86,synthetic
durban,2025-05-16,26.62,18.58,synthetic
durban,2025-05-17,25.69,18.09,synthetic
durban,2025-05-18,24.84,17.31,synthetic
durban,2025-05-19,24.36,16.47,synthetic
durban,2025-05-20,24.4,16.05,synthetic
durban,2025-05-21,24.95,16.46,synthetic
durban,2025-05-22,25.79,17.61,synthetic
durban,2025-05-23,26.6,18.89,synthetic
durban,2025-05-24,27.09,19.59,synthetic
durban,2025-05-25,27.06,19.31,synthetic
durban,2025-05-26,26.51,18.28,synthetic
durban,2025-05-27,25.64,17.14,synthetic
durban,2025-05-28,24.74,16.44,synthetic
durban,2025-05-29,24.13,16.3,synthetic
durban,2025-05-30,24.02,16.51,synthetic
durban,2025-05-31,24.44,16.8,synthetic
durban,2025-06-01,25.23,17.13,synthetic
durban,2025-06-02,26.1,17.63,synthetic
durban,2025-06-03,26.72,18.32,synthetic
durban,2025-06-04,26.86,18.89,synthetic
durban,2025-06-05,26.47,18.91,synthetic
durban,2025-06-06,25.68,18.12,synthetic
durban,2025-06-07,24.76,16.8,synthetic
durban,2025-06-08,24.05,15.65,synthetic
durban,2025-06-09,23.79,15.32,synthetic
durban,2025-06-10,24.07,15.96,synthetic
durban,2025-06-11,24.79,17.14,synthetic
durban,2025-06-12,25.68,18.17,synthetic
durban,2025-06-13,26.42,18.6,synthetic
durban,2025-06-14,26.73,18.43,synthetic
durban,2025-06-15,26.51,18.01,synthetic
durban,2025-06-16,25.82,17.58,synthetic
durban,2025-06-17,24.92,17.16,synthetic
durban,2025-06-18,24.12,16.62,synthetic
durban,2025-06-19,23.72,16.02,synthetic
durban,2025-06-20,23.86,15.69,synthetic
durban,2025-06-21,24.48,15.99,synthetic
durban,2025-06-22,25.36,17.01,synthetic
durban,2025-06-23,26.19,18.3,synthetic
durban,2025-06-24,26.66,19.13,synthetic
durban,2025-06-25,26.61,19.01,synthetic
durban,2025-06-26,26.05,18.01,synthetic
durban,2025-06-27,25.19,16.75,synthetic
durban,2025-06-28,24.35,15.91,synthetic
durban,2025-06-29,23.81,15.77,synthetic
durban,2025-06-30,23.79,16.19,synthetic
durban,2025-07-01,24.3,16.77,synthetic
durban,2025-07-02,25.14,17.25,synthetic
durban,2025-07-03,26.03,17.68,synthetic
durban,2025-07-04,26.65,18.16,synthetic
durban,2025-07-05,26.77,18.6,synthetic
durban,2025-07-06,26.37,18.67,synthetic
durban,2025-07-07,25.58,18.08,synthetic
durban,2025-07-08,24.71,16.95,synthetic
durban,2025-07-09,24.06,15.82,synthetic
durban,2025-07-10,23.89,15.39,synthetic
durban,2025-07-11,24.26,15.96,synthetic
durban,2025-07-12,25.04,17.22,synthetic
durban,2025-07-13,25.97,18.46,synthetic
durban,2025-07-14,26.7,19.05,synthetic
durban,2025-07-15,27.0,18.89,synthetic
durban,2025-07-16,26.76,18.29,synthetic
durban,2025-07-17,26.07,17.67,synthetic
durban,2025-07-18,25.2,17.24,synthetic
durban,2025-07-19,24.47,16.91,synthetic
durban,2025-07-20,24.15,16.59,synthetic
durban,2025-07-21,24.37,16.4,synthetic
durban,2025-07-22,25.06,16.66,synthetic
durban,2025-07-23,25.98,17.51,synthetic
durban,2025-07-24,26.82,18.72,synthetic
durban,2025-07-25,27.28,19.64,synthetic
durban,2025-07-26,27.21,19.7,synthetic
durban,2025-07-27,26.64,18.81,synthetic
durban,2025-07-28,25.8,17.5,synthetic
durban,2025-07-29,25.01,16.51,synthetic
durban,2025-07-30,24.55,16.32,synthetic
durban,2025-07-31,24.62,16.87,synthetic
durban,2025-08-01,25.2,17.7,synthetic
durban,2025-08-02,26.09,18.38,synthetic
durban,2025-08-03,27.0,18.82,synthetic
durban,2025-08-04,27.61,19.12,synthetic
durban,2025-08-05,27.71,19.36,synthetic
durban,2025-08-06,27.28,19.39,synthetic
durban,2025-08-07,26.5,18.97,synthetic
durban,2025-08-08,25.67,18.07,synthetic
durban,2025-08-09,25.09,17.05,synthetic
durban,2025-08-10,25.0,16.56,synthetic
durban,2025-08-11,25.45,17.02,synthetic
durban,2025-08-12,26.29,18.26,synthetic
durban,2025-08-13,27.23,19.64,synthetic
durban,2025-08-14,27.97,20.44,synthetic
durban,2025-08-15,28.24,20.34,synthetic
durban,2025-08-16,27.97,19.61,synthetic
durban,2025-08-17,27.28,18.79,synthetic
durban,2025-08-18,26.43,18.27,synthetic
durban,2025-08-19,25.75,18.06,synthetic
durban,2025-08-20,25.51,18.01,synthetic
durban,2025-08-21,25.81,18.04,synthetic
durban,2025-08-22,26.56,18.31,synthetic
durban,2025-08-23,27.52,19.02,synthetic
durban,2025-08-24,28.35,20.06,synthetic
durban,2025-08-25,28.79,20.98,synthetic
durban,2025-08-26,28.68,21.17,synthetic
durban,2025-08-27,28.1,20.44,synthetic
durban,2025-08-28,27.27,19.15,synthetic
durban,2025-08-29,26.52,18.05,synthetic
durban,2025-08-30,26.13,17.74,synthetic
durban,2025-08-31,26.27,18.32,synthetic
durban,2025-09-01,26.91,19.36,synthetic
durban,2025-09-02,27.84,20.27,synthetic
durban,2025-09-03,28.75,20.77,synthetic
durban,2025-09-04,29.33,20.92,synthetic
durban,2025-09-05,29.4,20.94,synthetic
durban,2025-09-06,28.95,20.86,synthetic
durban,2025-09-07,28.17,20.53,synthetic
durban,2025-09-08,27.36,19.85,synthetic
durban,2025-09-09,26.84,19.0,synthetic
durban,2025-09-10,26.82,18.51,synthetic
durban,2025-09-11,27.33,18.83,synthetic
durban,2025-09-12,28.2,19.97,synthetic
durban,2025-09-13,29.16,21.41,synthetic
durban,2025-09-14,29.87,22.37,synthetic
durban,2025-09-15,30.1,22.39,synthetic
durban,2025-09-16,29.79,21.6,synthetic
durban,2025-09-17,29.08,20.59,synthetic
durban,2025-09-18,28.25,19.91,synthetic
durban,2025-09-19,27.62,19.74,synthetic
durban,2025-09-20,27.44,19.91,synthetic
durban,2025-09-21,27.8,20.19,synthetic
durban,2025-09-22,28.59,20.54,synthetic
durban,2025-09-23,29.56,21.11,synthetic
durban,2025-09-24,30.37,21.94,synthetic
durban,2025-09-25,30.76,22.74,synthetic
durban,2025-09-26,30.61,23.02,synthetic
durban,2025-09-27,30.0,22.46,synthetic
durban,2025-09-28,29.17,21.26,synthetic
durban,2025-09-29,28.44,20.07,synthetic
durban,2025-09-30,28.1,19.62,synthetic
durban,2025-10-01,28.3,20.14,synthetic
durban,2025-10-02,28.99,21.3,synthetic
durban,2025-10-03,29.94,22.44,synthetic
durban,2025-10-04,30.83,23.05,synthetic
durban,2025-10-05,31.36,23.1,synthetic
durban,2025-10-06,31.37,22.87,synthetic
durban,2025-10-07,30.88,22.6,synthetic
durban,2025-10-08,30.08,22.27,synthetic
durban,2025-10-09,29.28,21.77,synthetic
durban,2025-10-10,28.81,21.15,synthetic
durban,2025-10-11,28.84,20.71,synthetic
durban,2025-10-12,29.39,20.91,synthetic
durban,2025-10-13,30.29,21.9,synthetic
durban,2025-10-14,31.22,23.28,synthetic
durban,2025-10-15,31.89,24.34,synthetic
durban,2025-10-16,32.06,24.49,synthetic
durban,2025-10-17,31.7,23.71,synthetic
durban,2025-10-18,30.96,22.55,synthetic
durban,2025-10-19,30.12,21.66,synthetic
durban,2025-10-20,29.52,21.44,synthetic
durban,2025-10-21,29.38,21.75,synthetic
durban,2025-10-22,29.78,22.26,synthetic
durban,2025-10-23,30.6,22.75,synthetic
durban,2025-10-24,31.56,23.24,synthetic
durban,2025-10-25,32.33,23.83,synthetic
durban,2025-10-26,32.65,24.43,synthetic
durban,2025-10-27,32.44,24.7,synthetic
durban,2025-10-28,31.78,24.28,synthetic
durban,2025-10-29,30.93,23.21,synthetic
durban,2025-10-30,30.22,22.02,synthetic
durban,2025-10-31,29.92,21.43,synthetic
durban,2025-11-01,30.16,21.82,synthetic
durban,2025-11-02,30.87,23.0,synthetic
durban,2025-11-03,31.81,24.29,synthetic
durban,2025-11-04,32.66,25.04,synthetic
durban,2025-11-05,33.13,25.07,synthetic
durban,2025-11-06,33.07,24.62,synthetic
durban,2025-11-07,32.52,24.09,synthetic
durban,2025-11-08,31.69,23.68,synthetic
durban,2025-11-09,30.89,23.31,synthetic
durban,2025-11-10,30.44,22.9,synthetic
durban,2025-11-11,30.51,22.59,synthetic
durban,2025-11-12,31.08,22.71,synthetic
durban,2025-11-13,31.98,23.5,synthetic
durban,2025-11-14,32.88,24.73,synthetic
durban,2025-11-15,33.48,25.8,synthetic
durban,2025-11-16,33.58,26.08,synthetic
durban,2025-11-17,33.15,25.36,synthetic
durban,2025-11-18,32.36,24.1,synthetic
durban,2025-11-19,31.51,23.01,synthetic
durban,2025-11-20,30.92,22.64,synthetic
durban,2025-11-21,30.81,23.01,synthetic
durban,2025-11-22,31.24,23.73,synthetic
durban,2025-11-23,32.06,24.39,synthetic
durban,2025-11-24,32.98,24.84,synthetic
durban,2025-11-25,33.7,25.22,synthetic
durban,2025-11-26,33.94,25.56,synthetic
durban,2025-11-27,33.65,25.72,synthetic
durban,2025-11-28,32.93,25.38,synthetic
durban,2025-11-29,32.06,24.48,synthetic
durban,2025-11-30,31.35,23.35,synthetic
durban,2025-12-01,31.07,22.65,synthetic
durban,2025-12-02,31.34,22.88,synthetic
durban,2025-12-03,32.05,23.98,synthetic
durban,2025-12-04,32.97,25.35,synthetic
durban,2025-12-05,33.76,26.24,synthetic
durban,2025-12-06,34.16,26.3,synthetic
durban,2025-12-07,34.01,25.68,synthetic
durban,2025-12-08,33.39,24.89,synthetic
durban,2025-12-09,32.52,24.31,synthetic
durban,2025-12-10,31.71,23.98,synthetic
durban,2025-12-11,31.28,23.78,synthetic
durban,2025-12-12,31.37,23.64,synthetic
durban,2025-12-13,31.95,23.74,synthetic
durban,2025-12-14,32.83,24.34,synthetic
durban,2025-12-15,33.69,25.36,synthetic
durban,2025-12-16,34.21,26.35,synthetic
durban,2025-12-17,34.22,26.7,synthetic
durban,2025-12-18,33.71,26.09,synthetic
durban,2025-12-19,32.87,24.8,synthetic
durban,2025-12-20,32.0,23.55,synthetic
durban,2025-12-21,31.42,23.0,synthetic
durban,2025-12-22,31.33,23.33,synthetic
durban,2025-12-23,31.77,24.19,synthetic
durban,2025-12-24,32.58,25.03,synthetic
durban,2025-12-25,33.47,25.54,synthetic
durban,2025-12-26,34.11,25.73,synthetic
durban,2025-12-27,34.27,25.79,synthetic
durban,2025-12-28,33.89,25.75,synthetic
durban,2025-12-29,33.11,25.44,synthetic
durban,2025-12-30,32.2,24.69,synthetic
durban,2025-12-31,31.5,23.71,synthetic
mombasa,2025-01-01,35.95,27.95,synthetic
mombasa,2025-01-02,35.05,26.63,synthetic
mombasa,2025-01-03,34.39,25.94,synthetic
mombasa,2025-01-04,34.2,26.13,synthetic
mombasa,2025-01-05,34.56,26.94,synthetic
mombasa,2025-01-06,35.31,27.79,synthetic
mombasa,2025-01-07,36.2,28.34,synthetic
mombasa,2025-01-08,36.88,28.55,synthetic
mombasa,2025-01-09,37.1,28.61,synthetic
mombasa,2025-01-10,36.79,28.58,synthetic
mombasa,2025-01-11,36.04,28.31,synthetic
mombasa,2025-01-12,35.11,27.61,synthetic
mombasa,2025-01-13,34.34,26.61,synthetic
mombasa,2025-01-14,33.99,25.78,synthetic
mombasa,2025-01-15,34.18,25.68,synthetic
mombasa,2025-01-16,34.83,26.5,synthetic
mombasa,2025-01-17,35.69,27.83,synthetic
mombasa,2025-01-18,36.45,28.93,synthetic
mombasa,2025-01-19,36.83,29.21,synthetic
mombasa,2025-01-20,36.66,28.59,synthetic
mombasa,2025-01-21,36.01,27.55,synthetic
mombasa,2025-01-22,35.09,26.67,synthetic
mombasa,2025-01-23,34.23,26.23,synthetic
mombasa,2025-01-24,33.72,26.14,synthetic
mombasa,2025-01-25,33.74,26.19,synthetic
mombasa,2025-01-26,34.26,26.33,synthetic
mombasa,2025-01-27,35.08,26.7,synthetic
mombasa,2025-01-28,35.9,27.42,synthetic
mombasa,2025-01-29,36.4,28.26,synthetic
mombasa,2025-01-30,36.39,28.72,synthetic
mombasa,2025-01-31,35.86,28.35,synthetic
mombasa,2025-02-01,34.98,27.18,synthetic
mombasa,2025-02-02,34.06,25.78,synthetic
mombasa,2025-02-03,33.41,24.91,synthetic
mombasa,2025-02-04,33.25,24.99,synthetic
mombasa,2025-02-05,33.62,25.83,synthetic
mombasa,2025-02-06,34.38,26.88,synthetic
mombasa,2025-02-07,35.22,27.54,synthetic
mombasa,2025-02-08,35.84,27.69,synthetic
mombasa,2025-02-09,35.98,27.5,synthetic
mombasa,2025-02-10,35.59,27.22,synthetic
mombasa,2025-02-11,34.78,26.86,synthetic
mombasa,2025-02-12,33.83,26.29,synthetic
mombasa,2025-02-13,33.06,25.48,synthetic
mombasa,2025-02-14,32.73,24.72,synthetic
mombasa,2025-02-15,32.95,24.52,synthetic
mombasa,2025-02-16,33.6,25.15,synthetic
mombasa,2025-02-17,34.45,26.39,synthetic
mombasa,2025-02-18,35.16,27.54,synthetic
mombasa,2025-02-19,35.45,27.93,synthetic
mombasa,2025-02-20,35.21,27.34,synthetic
mombasa,2025-02-21,34.5,26.16,synthetic
mombasa,2025-02-22,33.55,25.06,synthetic
mombasa,2025-02-23,32.69,24.49,synthetic
mombasa,2025-02-24,32.2,24.48,synthetic
mombasa,2025-02-25,32.25,24.75,synthetic
mombasa,2025-02-26,32.79,25.05,synthetic
mombasa,2025-02-27,33.6,25.38,synthetic
mombasa,2025-02-28,34.38,25.88,synthetic
mombasa,2025-03-01,34.82,26.5,synthetic
mombasa,2025-03-02,34.73,26.88,synthetic
mombasa,2025-03-03,34.14,26.62,synthetic
mombasa,2025-03-04,33.22,25.59,synthetic
mombasa,2025-03-05,32.29,24.21,synthetic
mombasa,2025-03-06,31.67,23.21,synthetic
mombasa,2025-03-07,31.54,23.13,synthetic
mombasa,2025-03-08,31.95,23.96,synthetic
mombasa,2025-03-09,32.71,25.14,synthetic
mombasa,2025-03-10,33.53,25.98,synthetic
mombasa,2025-03-11,34.09,26.15,synthetic
mombasa,2025-03-12,34.17,25.78,synthetic
mombasa,2025-03-13,33.71,25.23,synthetic
mombasa,2025-03-14,32.86,24.73,synthetic
mombasa,2025-03-15,31.9,24.24,synthetic
mombasa,2025-03-16,31.15,23.64,synthetic
mombasa,2025-03-17,30.86,23.05,synthetic
mombasa,2025-03-18,31.11,22.83,synthetic
mombasa,2025-03-19,31.79,23.29,synthetic
mombasa,2025-03-20,32.63,24.37,synthetic
mombasa,2025-03-21,33.3,25.52,synthetic
mombasa,2025-03-22,33.53,26.03,synthetic
mombasa,2025-03-23,33.23,25.54,synthetic
mombasa,2025-03-24,32.47,24.31,synthetic
mombasa,2025-03-25,31.5,23.02,synthetic
mombasa,2025-03-26,30.66,22.29,synthetic
mombasa,2025-03-27,30.22,22.31,synthetic
mombasa,2025-03-28,30.31,22.77,synthetic
mombasa,2025-03-29,30.88,23.29,synthetic
mombasa,2025-03-30,31.71,23.69,synthetic
mombasa,2025-03-31,32.46,24.03,synthetic
mombasa,2025-04-01,32.85,24.4,synthetic
mombasa,2025-04-02,32.7,24.65,synthetic
mombasa,2025-04-03,32.06,24.45,synthetic
mombasa,2025-04-04,31.13,23.6,synthetic
mombasa,2025-04-05,30.22,22.34,synthetic
mombasa,2025-04-06,29.63,21.29,synthetic
mombasa,2025-04-07,29.56,21.07,synthetic
mombasa,2025-04-08,30.01,21.82,synthetic
mombasa,2025-04-09,30.79,23.08,synthetic
mombasa,2025-04-10,31.6,24.1,synthetic
mombasa,2025-04-11,32.13,24.38,synthetic
mombasa,2025-04-12,32.15,23.92,synthetic
mombasa,2025-04-13,31.65,23.15,synthetic
mombasa,2025-04-14,30.78,22.47,synthetic
mombasa,2025-04-15,29.83,21.99,synthetic
mombasa,2025-04-16,29.12,21.61,synthetic
mombasa,2025-04-17,28.9,21.26,synthetic
mombasa,2025-04-18,29.2,21.11,synthetic
mombasa,2025-04-19,29.92,21.46,synthetic
mombasa,2025-04-20,30.76,22.35,synthetic
mombasa,2025-04-21,31.4,23.42,synthetic
mombasa,2025-04-22,31.59,24.02,synthetic
mombasa,2025-04-23,31.25,23.69,synthetic
mombasa,2025-04-24,30.46,22.51,synthetic
mombasa,2025-04-25,29.51,21.12,synthetic
mombasa,2025-04-26,28.7,20.23,synthetic
mombasa,2025-04-27,28.32,20.2,synthetic
mombasa,2025-04-28,28.48,20.82,synthetic
mombasa,2025-04-29,29.1,21.59,synthetic
mombasa,2025-04-30,29.95,22.14,synthetic
mombasa,2025-05-01,30.69,22.4,synthetic
mombasa,2025-05-02,31.04,22.54,synthetic
mombasa,2025-05-03,30.86,22.61,synthetic
mombasa,2025-05-04,30.19,22.42,synthetic
mombasa,2025-05-05,29.26,21.76,synthetic
mombasa,2025-05-06,28.39,20.7,synthetic
mombasa,2025-05-07,27.87,19.71,synthetic
mombasa,2025-05-08,27.87,19.38,synthetic
mombasa,2025-05-09,28.38,20.02,synthetic
mombasa,2025-05-10,29.2,21.3,synthetic
mombasa,2025-05-11,30.01,22.48,synthetic
mombasa,2025-05-12,30.51,22.92,synthetic
mombasa,2025-05-13,30.5,22.47,synthetic
mombasa,2025-05-14,29.97,21.54,synthetic
mombasa,2025-05-15,29.1,20.66,synthetic
mombasa,2025-05-16,28.18,20.14,synthetic
mombasa,2025-05-17,27.54,19.94,synthetic
mombasa,2025-05-18,27.38,19.85,synthetic
mombasa,2025-05-19,27.76,19.87,synthetic
mombasa,2025-05-20,28.53,20.18,synthetic
mombasa,2025-05-21,29.39,20.9,synthetic
mombasa,2025-05-22,30.02,21.84,synthetic
mombasa,2025-05-23,30.18,22.47,synthetic
mombasa,2025-05-24,29.81,22.31,synthetic
mombasa,2025-05-25,29.02,21.27,synthetic
mombasa,2025-05-26,28.09,19.86,synthetic
mombasa,2025-05-27,27.34,18.84,synthetic
mombasa,2025-05-28,27.04,18.74,synthetic
mombasa,2025-05-29,27.28,19.45,synthetic
mombasa,2025-05-30,27.96,20.45,synthetic
mombasa,2025-05-31,28.84,21.2,synthetic
mombasa,2025-06-01,29.58,21.48,synthetic
mombasa,2025-06-02,29.91,21.44,synthetic
mombasa,2025-06-03,29.7,21.3,synthetic
mombasa,2025-06-04,29.03,21.06,synthetic
mombasa,2025-06-05,28.12,20.56,synthetic
mombasa,2025-06-06,27.29,19.73,synthetic
mombasa,2025-06-07,26.85,18.89,synthetic
mombasa,2025-06-08,26.94,18.54,synthetic
mombasa,2025-06-09,27.52,19.05,synthetic
mombasa,2025-06-10,28.38,20.27,synthetic
mombasa,2025-06-11,29.21,21.56,synthetic
mombasa,2025-06-12,29.69,22.18,synthetic
mombasa,2025-06-13,29.66,21.84,synthetic
mombasa,2025-06-14,29.12,20.82,synthetic
mombasa,2025-06-15,28.26,19.76,synthetic
mombasa,2025-06-16,27.39,19.15,synthetic
mombasa,2025-06-17,26.82,19.06,synthetic
mombasa,2025-06-18,26.75,19.25,synthetic
mombasa,2025-06-19,27.21,19.51,synthetic
mombasa,2025-06-20,28.03,19.86,synthetic
mombasa,2025-06-21,28.91,20.42,synthetic
mombasa,2025-06-22,29.54,21.19,synthetic
mombasa,2025-06-23,29.69,21.8,synthetic
mombasa,2025-06-24,29.3,21.77,synthetic
mombasa,2025-06-25,28.51,20.91,synthetic
mombasa,2025-06-26,27.62,19.58,synthetic
mombasa,2025-06-27,26.94,18.5,synthetic
mombasa,2025-06-28,26.72,18.28,synthetic
mombasa,2025-06-29,27.05,19.01,synthetic
mombasa,2025-06-30,27.8,20.2,synthetic
mombasa,2025-07-01,28.71,21.18,synthetic
mombasa,2025-07-02,29.45,21.56,synthetic
mombasa,2025-07-03,29.77,21.42,synthetic
mombasa,2025-07-04,29.55,21.06,synthetic
mombasa,2025-07-05,28.87,20.7,synthetic
mombasa,2025-07-06,27.98,20.28,synthetic
mombasa,2025-07-07,27.22,19.72,synthetic
mombasa,2025-07-08,26.86,19.1,synthetic
mombasa,2025-07-09,27.04,18.8,synthetic
mombasa,2025-07-10,27.69,19.19,synthetic
mombasa,2025-07-11,28.6,20.3,synthetic
mombasa,2025-07-12,29.44,21.62,synthetic
mombasa,2025-07-13,29.91,22.4,synthetic
mombasa,2025-07-14,29.86,22.21,synthetic
mombasa,2025-07-15,29.31,21.2,synthetic
mombasa,2025-07-16,28.47,20.0,synthetic
mombasa,2025-07-17,27.65,19.25,synthetic
mombasa,2025-07-18,27.15,19.19,synthetic
mombasa,2025-07-19,27.18,19.62,synthetic
mombasa,2025-07-20,27.72,20.16,synthetic
mombasa,2025-07-21,28.59,20.62,synthetic
mombasa,2025-07-22,29.5,21.1,synthetic
mombasa,2025-07-23,30.12,21.65,synthetic
mombasa,2025-07-24,30.24,22.14,synthetic
mombasa,2025-07-25,29.83,22.19,synthetic
mombasa,2025-07-26,29.06,21.55,synthetic
mombasa,2025-07-27,28.21,20.38,synthetic
mombasa,2025-07-28,27.6,19.3,synthetic
mombasa,2025-07-29,27.46,18.96,synthetic
mombasa,2025-07-30,27.87,19.64,synthetic
mombasa,2025-07-31,28.68,20.93,synthetic
mombasa,2025-08-01,29.62,22.12,synthetic
mombasa,2025-08-02,30.37,22.66,synthetic
mombasa,2025-08-03,30.66,22.48,synthetic
mombasa,2025-08-04,30.42,21.93,synthetic
mombasa,2025-08-05,29.73,21.38,synthetic
mombasa,2025-08-06,28.88,20.99,synthetic
mombasa,2025-08-07,28.18,20.65,synthetic
mombasa,2025-08-08,27.89,20.29,synthetic
mombasa,2025-08-09,28.15,20.11,synthetic
mombasa,2025-08-10,28.87,20.43,synthetic
mombasa,2025-08-11,29.82,21.39,synthetic
mombasa,2025-08-12,30.66,22.63,synthetic
mombasa,2025-08-13,31.12,23.53,synthetic
mombasa,2025-08-14,31.04,23.51,synthetic
mombasa,2025-08-15,30.47,22.57,synthetic
mombasa,2025-08-16,29.65,21.29,synthetic
mombasa,2025-08-17,28.87,20.38,synthetic
mombasa,2025-08-18,28.45,20.29,synthetic
mombasa,2025-08-19,28.55,20.86,synthetic
mombasa,2025-08-20,29.16,21.66,synthetic
mombasa,2025-08-21,30.08,22.31,synthetic
mombasa,2025-08-22,30.99,22.74,synthetic
mombasa,2025-08-23,31.59,23.09,synthetic
mombasa,2025-08-24,31.69,23.4,synthetic
mombasa,2025-08-25,31.26,23.45,synthetic
mombasa,2025-08-26,30.48,22.97,synthetic
mombasa,2025-08-27,29.66,22.0,synthetic
mombasa,2025-08-28,29.11,20.99,synthetic
mombasa,2025-08-29,29.06,20.59,synthetic
mombasa,2025-08-30,29.53,21.14,synthetic
mombasa,2025-08-31,30.39,22.44,synthetic
mombasa,2025-09-01,31.35,23.8,synthetic
mombasa,2025-09-02,32.08,24.51,synthetic
mombasa,2025-09-03,32.34,24.36,synthetic
mombasa,2025-09-04,32.06,23.65,synthetic
mombasa,2025-09-05,31.36,22.9,synthetic
mombasa,2025-09-06,30.53,22.44,synthetic
mombasa,2025-09-07,29.87,22.23,synthetic
mombasa,2025-09-08,29.66,22.15,synthetic
mombasa,2025-09-09,29.98,22.14,synthetic
mombasa,2025-09-10,30.76,22.45,synthetic
mombasa,2025-09-11,31.72,23.22,synthetic
mombasa,2025-09-12,32.55,24.32,synthetic
mombasa,2025-09-13,32.97,25.22,synthetic
mombasa,2025-09-14,32.85,25.35,synthetic
mombasa,2025-09-15,32.26,24.55,synthetic
mombasa,2025-09-16,31.44,23.25,synthetic
mombasa,2025-09-17,30.7,22.21,synthetic
mombasa,2025-09-18,30.33,21.99,synthetic
mombasa,2025-09-19,30.5,22.62,synthetic
mombasa,2025-09-20,31.16,23.63,synthetic
mombasa,2025-09-21,32.1,24.49,synthetic
mombasa,2025-09-22,33.01,24.96,synthetic
mombasa,2025-09-23,33.57,25.12,synthetic
mombasa,2025-09-24,33.62,25.19,synthetic
mombasa,2025-09-25,33.15,25.13,synthetic
mombasa,2025-09-26,32.36,24.77,synthetic
mombasa,2025-09-27,31.56,24.02,synthetic
mombasa,2025-09-28,31.06,23.15,synthetic
mombasa,2025-09-29,31.06,22.69,synthetic
mombasa,2025-09-30,31.59,23.11,synthetic
mombasa,2025-10-01,32.48,24.32,synthetic
mombasa,2025-10-02,33.43,25.74,synthetic
mombasa,2025-10-03,34.12,26.62,synthetic
mombasa,2025-10-04,34.33,26.55,synthetic
mombasa,2025-10-05,34.0,25.74,synthetic
mombasa,2025-10-06,33.28,24.78,synthetic
mombasa,2025-10-07,32.45,24.17,synthetic
mombasa,2025-10-08,31.82,24.01,synthetic
mombasa,2025-10-09,31.66,24.15,synthetic
mombasa,2025-10-10,32.04,24.38,synthetic
mombasa,2025-10-11,32.84,24.71,synthetic
mombasa,2025-10-12,33.8,25.32,synthetic
mombasa,2025-10-13,34.6,26.21,synthetic
mombasa,2025-10-14,34.96,27.02,synthetic
mombasa,2025-10-15,34.79,27.24,synthetic
mombasa,2025-10-16,34.16,26.59,synthetic
mombasa,2025-10-17,33.32,25.33,synthetic
mombasa,2025-10-18,32.6,24.19,synthetic
mombasa,2025-10-19,32.27,23.81,synthetic
mombasa,2025-10-20,32.49,24.41,synthetic
mombasa,2025-10-21,33.18,25.55,synthetic
mombasa,2025-10-22,34.12,26.6,synthetic
mombasa,2025-10-23,35.0,27.15,synthetic
mombasa,2025-10-24,35.51,27.19,synthetic
mombasa,2025-10-25,35.49,26.99,synthetic
mombasa,2025-10-26,34.97,26.75,synthetic
mombasa,2025-10-27,34.15,26.41,synthetic
mombasa,2025-10-28,33.36,25.86,synthetic
mombasa,2025-10-29,32.89,25.17,synthetic
mombasa,2025-10-30,32.93,24.73,synthetic
mombasa,2025-10-31,33.49,25.0,synthetic
mombasa,2025-11-01,34.38,26.04,synthetic
mombasa,2025-11-02,35.3,27.43,synthetic
mombasa,2025-11-03,35.94,28.42,synthetic
mombasa,2025-11-04,36.08,28.46,synthetic
mombasa,2025-11-05,35.69,27.63,synthetic
mombasa,2025-11-06,34.92,26.47,synthetic
mombasa,2025-11-07,34.08,25.65,synthetic
mombasa,2025-11-08,33.48,25.47,synthetic
mombasa,2025-11-09,33.35,25.77,synthetic
mombasa,2025-11-10,33.76,26.22,synthetic
mombasa,2025-11-11,34.57,26.65,synthetic
mombasa,2025-11-12,35.51,27.14,synthetic
mombasa,2025-11-13,36.25,27.77,synthetic
mombasa,2025-11-14,36.54,28.39,synthetic
mombasa,2025-11-15,36.3,28.62,synthetic
mombasa,2025-11-16,35.61,28.11,synthetic
mombasa,2025-11-17,34.74,26.95,synthetic
mombasa,2025-11-18,34.03,25.77,synthetic
mombasa,2025-11-19,33.73,25.23,synthetic
mombasa,2025-11-20,33.98,25.7,synthetic
mombasa,2025-11-21,34.68,26.88,synthetic
mombasa,2025-11-22,35.61,28.1,synthetic
mombasa,2025-11-23,36.43,28.76,synthetic
mombasa,2025-11-24,36.87,28.73,synthetic
mombasa,2025-11-25,36.77,28.29,synthetic
mombasa,2025-11-26,36.18,27.8,synthetic
mombasa,2025-11-27,35.33,27.4,synthetic
mombasa,2025-11-28,34.53,26.98,synthetic
mombasa,2025-11-29,34.07,26.49,synthetic
mombasa,2025-11-30,34.14,26.14,synthetic
mombasa,2025-12-01,34.72,26.3,synthetic
mombasa,2025-12-02,35.6,27.14,synthetic
mombasa,2025-12-03,36.48,28.41,synthetic
mombasa,2025-12-04,37.04,29.42,synthetic
mombasa,2025-12-05,37.1,29.58,synthetic
mombasa,2025-12-06,36.63,28.77,synthetic
mombasa,2025-12-07,35.82,27.49,synthetic
mombasa,2025-12-08,34.95,26.45,synthetic
mombasa,2025-12-09,34.36,26.15,synthetic
mombasa,2025-12-10,34.25,26.52,synthetic
mombasa,2025-12-11,34.68,27.18,synthetic
mombasa,2025-12-12,35.49,27.76,synthetic
mombasa,2025-12-13,36.39,28.18,synthetic
mombasa,2025-12-14,37.07,28.58,synthetic
mombasa,2025-12-15,37.27,28.94,synthetic
mombasa,2025-12-16,36.94,29.08,synthetic
mombasa,2025-12-17,36.19,28.67,synthetic
mombasa,2025-12-18,35.29,27.67,synthetic
mombasa,2025-12-19,34.58,26.51,synthetic
mombasa,2025-12-20,34.3,25.85,synthetic
mombasa,2025-12-21,34.56,26.14,synthetic
mombasa,2025-12-22,35.27,27.27,synthetic
mombasa,2025-12-23,36.17,28.59,synthetic
mombasa,2025-12-24,36.93,29.38,synthetic
mombasa,2025-12-25,37.28,29.35,synthetic
mombasa,2025-12-26,37.1,28.72,synthetic
mombasa,2025-12-27,36.44,27.96,synthetic
mombasa,2025-12-28,35.54,27.4,synthetic
mombasa,2025-12-29,34.73,27.06,synthetic
mombasa,2025-12-30,34.29,26.78,synthetic
mombasa,2025-12-31,34.37,26.58,synthetic
lusaka,2025-01-01,32.6,24.6,synthetic
lusaka,2025-01-02,32.23,23.81,synthetic
lusaka,2025-01-03,32.4,23.95,synthetic
lusaka,2025-01-04,33.04,24.97,synthetic
lusaka,2025-01-05,33.91,26.29,synthetic
lusaka,2025-01-06,34.7,27.18,synthetic
lusaka,2025-01-07,35.11,27.25,synthetic
lusaka,2025-01-08,35.0,26.67,synthetic
lusaka,2025-01-09,34.38,25.89,synthetic
lusaka,2025-01-10,33.48,25.27,synthetic
lusaka,2025-01-11,32.62,24.89,synthetic
lusaka,2025-01-12,32.1,24.6,synthetic
lusaka,2025-01-13,32.09,24.36,synthetic
lusaka,2025-01-14,32.6,24.39,synthetic
lusaka,2025-01-15,33.42,24.92,synthetic
lusaka,2025-01-16,34.26,25.93,synthetic
lusaka,2025-01-17,34.8,26.94,synthetic
lusaka,2025-01-18,34.83,27.31,synthetic
lusaka,2025-01-19,34.34,26.72,synthetic
lusaka,2025-01-20,33.49,25.42,synthetic
lusaka,2025-01-21,32.57,24.11,synthetic
lusaka,2025-01-22,31.91,23.49,synthetic
lusaka,2025-01-23,31.73,23.73,synthetic
lusaka,2025-01-24,32.08,24.5,synthetic
lusaka,2025-01-25,32.83,25.28,synthetic
lusaka,2025-01-26,33.69,25.76,synthetic
lusaka,2025-01-27,34.34,25.96,synthetic
lusaka,2025-01-28,34.52,26.04,synthetic
lusaka,2025-01-29,34.17,26.03,synthetic
lusaka,2025-01-30,33.39,25.72,synthetic
lusaka,2025-01-31,32.45,24.94,synthetic
lusaka,2025-02-01,31.67,23.87,synthetic
lusaka,2025-02-02,31.32,23.04,synthetic
lusaka,2025-02-03,31.51,23.01,synthetic
lusaka,2025-02-04,32.15,23.89,synthetic
lusaka,2025-02-05,33.0,25.21,synthetic
lusaka,2025-02-06,33.74,26.24,synthetic
lusaka,2025-02-07,34.07,26.39,synthetic
lusaka,2025-02-08,33.87,25.72,synthetic
lusaka,2025-02-09,33.19,24.71,synthetic
lusaka,2025-02-10,32.25,23.88,synthetic
lusaka,2025-02-11,31.38,23.46,synthetic
lusaka,2025-02-12,30.88,23.34,synthetic
lusaka,2025-02-13,30.9,23.32,synthetic
lusaka,2025-02-14,31.42,23.41,synthetic
lusaka,2025-02-15,32.23,23.8,synthetic
lusaka,2025-02-16,33.03,24.58,synthetic
lusaka,2025-02-17,33.5,25.44,synthetic
lusaka,2025-02-18,33.45,25.83,synthetic
lusaka,2025-02-19,32.89,25.37,synthetic
lusaka,2025-02-20,31.99,24.12,synthetic
lusaka,2025-02-21,31.06,22.72,synthetic
lusaka,2025-02-22,30.41,21.92,synthetic
lusaka,2025-02-23,30.26,22.06,synthetic
lusaka,2025-02-24,30.64,22.92,synthetic
lusaka,2025-02-25,31.39,23.89,synthetic
lusaka,2025-02-26,32.22,24.48,synthetic
lusaka,2025-02-27,32.81,24.59,synthetic
lusaka,2025-02-28,32.93,24.43,synthetic
lusaka,2025-03-01,32.5,24.18,synthetic
lusaka,2025-03-02,31.67,23.82,synthetic
lusaka,2025-03-03,30.71,23.19,synthetic
lusaka,2025-03-04,29.94,22.31,synthetic
lusaka,2025-03-05,29.63,21.55,synthetic
lusaka,2025-03-06,29.85,21.39,synthetic
lusaka,2025-03-07,30.51,22.1,synthetic
lusaka,2025-03-08,31.35,23.36,synthetic
lusaka,2025-03-09,32.04,24.47,synthetic
lusaka,2025-03-10,32.31,24.76,synthetic
lusaka,2025-03-11,32.04,24.1,synthetic
lusaka,2025-03-12,31.3,22.91,synthetic
lusaka,2025-03-13,30.34,21.86,synthetic
lusaka,2025-03-14,29.48,21.35,synthetic
lusaka,2025-03-15,29.01,21.35,synthetic
lusaka,2025-03-16,29.07,21.56,synthetic
lusaka,2025-03-17,29.62,21.81,synthetic
lusaka,2025-03-18,30.44,22.16,synthetic
lusaka,2025-03-19,31.2,22.7,synthetic
lusaka,2025-03-20,31.61,23.35,synthetic
lusaka,2025-03-21,31.51,23.73,synthetic
lusaka,2025-03-22,30.89,23.39,synthetic
lusaka,2025-03-23,29.96,22.27,synthetic
lusaka,2025-03-24,29.04,20.88,synthetic
lusaka,2025-03-25,28.43,19.95,synthetic
lusaka,2025-03-26,28.32,19.95,synthetic
lusaka,2025-03-27,28.74,20.83,synthetic
lusaka,2025-03-28,29.51,21.97,synthetic
lusaka,2025-03-29,30.32,22.73,synthetic
lusaka,2025-03-30,30.87,22.85,synthetic
lusaka,2025-03-31,30.92,22.49,synthetic
lusaka,2025-04-01,30.45,22.0,synthetic
lusaka,2025-04-02,29.59,21.54,synthetic
lusaka,2025-04-03,28.63,21.02,synthetic
lusaka,2025-04-04,27.9,20.37,synthetic
lusaka,2025-04-05,27.63,19.75,synthetic
lusaka,2025-04-06,27.9,19.56,synthetic
lusaka,2025-04-07,28.6,20.11,synthetic
lusaka,2025-04-08,29.43,21.24,synthetic
lusaka,2025-04-09,30.09,22.38,synthetic
lusaka,2025-04-10,30.31,22.81,synthetic
lusaka,2025-04-11,29.99,22.24,synthetic
lusaka,2025-04-12,29.22,20.99,synthetic
lusaka,2025-04-13,28.26,19.76,synthetic
lusaka,2025-04-14,27.43,19.12,synthetic
lusaka,2025-04-15,27.01,19.17,synthetic
lusaka,2025-04-16,27.13,19.62,synthetic
lusaka,2025-04-17,27.73,20.09,synthetic
lusaka,2025-04-18,28.56,20.47,synthetic
lusaka,2025-04-19,29.31,20.85,synthetic
lusaka,2025-04-20,29.68,21.27,synthetic
lusaka,2025-04-21,29.53,21.55,synthetic
lusaka,2025-04-22,28.87,21.3,synthetic
lusaka,2025-04-23,27.94,20.38,synthetic
lusaka,2025-04-24,27.05,19.1,synthetic
lusaka,2025-04-25,26.49,18.1,synthetic
lusaka,2025-04-26,26.45,17.98,synthetic
lusaka,2025-04-27,26.93,18.81,synthetic
lusaka,2025-04-28,27.72,20.06,synthetic
lusaka,2025-04-29,28.54,21.03,synthetic
lusaka,2025-04-30,29.06,21.25,synthetic
lusaka,2025-05-01,29.07,20.78,synthetic
lusaka,2025-05-02,28.56,20.06,synthetic
lusaka,2025-05-03,27.69,19.44,synthetic
lusaka,2025-05-04,26.76,18.99,synthetic
lusaka,2025-05-05,26.08,18.58,synthetic
lusaka,2025-05-06,25.88,18.19,synthetic
lusaka,2025-05-07,26.22,18.06,synthetic
lusaka,2025-05-08,26.96,18.47,synthetic
lusaka,2025-05-09,27.81,19.45,synthetic
lusaka,2025-05-10,28.45,20.55,synthetic
lusaka,2025-05-11,28.64,21.11,synthetic
lusaka,2025-05-12,28.28,20.69,synthetic
lusaka,2025-05-13,27.5,19.47,synthetic
lusaka,2025-05-14,26.56,18.13,synthetic
lusaka,2025-05-15,25.78,17.34,synthetic
lusaka,2025-05-16,25.44,17.4,synthetic
lusaka,2025-05-17,25.63,18.03,synthetic
lusaka,2025-05-18,26.28,18.75,synthetic
lusaka,2025-05-19,27.14,19.25,synthetic
lusaka,2025-05-20,27.89,19.54,synthetic
lusaka,2025-05-21,28.24,19.75,synthetic
lusaka,2025-05-22,28.05,19.87,synthetic
lusaka,2025-05-23,27.39,19.68,synthetic
lusaka,2025-05-24,26.47,18.97,synthetic
lusaka,2025-05-25,25.62,17.87,synthetic
lusaka,2025-05-26,25.13,16.9,synthetic
lusaka,2025-05-27,25.18,16.68,synthetic
lusaka,2025-05-28,25.72,17.42,synthetic
lusaka,2025-05-29,26.56,18.73,synthetic
lusaka,2025-05-30,27.39,19.88,synthetic
lusaka,2025-05-31,27.89,20.25,synthetic
lusaka,2025-06-01,27.88,19.78,synthetic
lusaka,2025-06-02,27.35,18.88,synthetic
lusaka,2025-06-03,26.49,18.09,synthetic
lusaka,2025-06-04,25.59,17.62,synthetic
lusaka,2025-06-05,24.98,17.42,synthetic
lusaka,2025-06-06,24.87,17.31,synthetic
lusaka,2025-06-07,25.29,17.33,synthetic
lusaka,2025-06-08,26.08,17.68,synthetic
lusaka,2025-06-09,26.96,18.49,synthetic
lusaka,2025-06-10,27.59,19.48,synthetic
lusaka,2025-06-11,27.76,20.11,synthetic
lusaka,2025-06-12,27.38,19.87,synthetic
lusaka,2025-06-13,26.6,18.78,synthetic
lusaka,2025-06-14,25.69,17.39,synthetic
lusaka,2025-06-15,24.98,16.48,synthetic
lusaka,2025-06-16,24.72,16.48,synthetic
lusaka,2025-06-17,25.0,17.24,synthetic
lusaka,2025-06-18,25.72,18.22,synthetic
lusaka,2025-06-19,26.61,18.91,synthetic
lusaka,2025-06-20,27.36,19.19,synthetic
lusaka,2025-06-21,27.7,19.21,synthetic
lusaka,2025-06-22,27.49,19.14,synthetic
lusaka,2025-06-23,26.82,18.93,synthetic
lusaka,2025-06-24,25.93,18.4,synthetic
lusaka,2025-06-25,25.14,17.54,synthetic
lusaka,2025-06-26,24.73,16.69,synthetic
lusaka,2025-06-27,24.86,16.42,synthetic
lusaka,2025-06-28,25.48,17.04,synthetic
lusaka,2025-06-29,26.37,18.33,synthetic
lusaka,2025-06-30,27.21,19.61,synthetic
lusaka,2025-07-01,27.7,20.17,synthetic
lusaka,2025-07-02,27.67,19.78,synthetic
lusaka,2025-07-03,27.13,18.78,synthetic
lusaka,2025-07-04,26.28,17.79,synthetic
lusaka,2025-07-05,25.44,17.27,synthetic
lusaka,2025-07-06,24.9,17.2,synthetic
lusaka,2025-07-07,24.88,17.38,synthetic
lusaka,2025-07-08,25.38,17.62,synthetic
lusaka,2025-07-09,26.23,17.99,synthetic
lusaka,2025-07-10,27.13,18.63,synthetic
lusaka,2025-07-11,27.76,19.46,synthetic
lusaka,2025-07-12,27.91,20.09,synthetic
lusaka,2025-07-13,27.52,20.01,synthetic
lusaka,2025-07-14,26.75,19.1,synthetic
lusaka,2025-07-15,25.88,17.77,synthetic
lusaka,2025-07-16,25.23,16.76,synthetic
lusaka,2025-07-17,25.06,16.66,synthetic
lusaka,2025-07-18,25.42,17.46,synthetic
lusaka,2025-07-19,26.21,18.65,synthetic
lusaka,2025-07-20,27.14,19.58,synthetic
lusaka,2025-07-21,27.89,19.92,synthetic
lusaka,2025-07-22,28.2,19.8,synthetic
lusaka,2025-07-23,27.98,19.51,synthetic
lusaka,2025-07-24,27.31,19.21,synthetic
lusaka,2025-07-25,26.44,18.8,synthetic
lusaka,2025-07-26,25.71,18.2,synthetic
lusaka,2025-07-27,25.39,17.56,synthetic
lusaka,2025-07-28,25.6,17.3,synthetic
lusaka,2025-07-29,26.29,17.79,synthetic
lusaka,2025-07-30,27.22,18.99,synthetic
lusaka,2025-07-31,28.07,20.32,synthetic
lusaka,2025-08-01,28.55,21.05,synthetic
lusaka,2025-08-02,28.49,20.78,synthetic
lusaka,2025-08-03,27.94,19.76,synthetic
lusaka,2025-08-04,27.11,18.62,synthetic
lusaka,2025-08-05,26.32,17.97,synthetic
lusaka,2025-08-06,25.86,17.97,synthetic
lusaka,2025-08-07,25.92,18.39,synthetic
lusaka,2025-08-08,26.49,18.89,synthetic
lusaka,2025-08-09,27.39,19.35,synthetic
lusaka,2025-08-10,28.31,19.87,synthetic
lusaka,2025-08-11,28.93,20.5,synthetic
lusaka,2025-08-12,29.05,21.02,synthetic
lusaka,2025-08-13,28.64,21.05,synthetic
lusaka,2025-08-14,27.87,20.34,synthetic
lusaka,2025-08-15,27.04,19.14,synthetic
lusaka,2025-08-16,26.46,18.1,synthetic
lusaka,2025-08-17,26.36,17.87,synthetic
lusaka,2025-08-18,26.8,18.64,synthetic
lusaka,2025-08-19,27.64,19.95,synthetic
lusaka,2025-08-20,28.59,21.09,synthetic
lusaka,2025-08-21,29.33,21.56,synthetic
lusaka,2025-08-22,29.62,21.37,synthetic
lusaka,2025-08-23,29.37,20.87,synthetic
lusaka,2025-08-24,28.69,20.4,synthetic
lusaka,2025-08-25,27.85,20.04,synthetic
lusaka,2025-08-26,27.17,19.66,synthetic
lusaka,2025-08-27,26.92,19.26,synthetic
lusaka,2025-08-28,27.21,19.09,synthetic
lusaka,2025-08-29,27.96,19.49,synthetic
lusaka,2025-08-30,28.91,20.52,synthetic
lusaka,2025-08-31,29.76,21.81,synthetic
lusaka,2025-09-01,30.2,22.65,synthetic
lusaka,2025-09-02,30.11,22.54,synthetic
lusaka,2025-09-03,29.54,21.56,synthetic
lusaka,2025-09-04,28.72,20.31,synthetic
lusaka,2025-09-05,27.96,19.5,synthetic
lusaka,2025-09-06,27.57,19.48,synthetic
lusaka,2025-09-07,27.7,20.06,synthetic
lusaka,2025-09-08,28.34,20.83,synthetic
lusaka,2025-09-09,29.27,21.43,synthetic
lusaka,2025-09-10,30.18,21.87,synthetic
lusaka,2025-09-11,30.77,22.27,synthetic
lusaka,2025-09-12,30.85,22.62,synthetic
lusaka,2025-09-13,30.41,22.66,synthetic
lusaka,2025-09-14,29.63,22.13,synthetic
lusaka,2025-09-15,28.83,21.12,synthetic
lusaka,2025-09-16,28.3,20.11,synthetic
lusaka,2025-09-17,28.27,19.78,synthetic
lusaka,2025-09-18,28.77,20.43,synthetic
lusaka,2025-09-19,29.64,21.76,synthetic
lusaka,2025-09-20,30.6,23.07,synthetic
lusaka,2025-09-21,31.31,23.7,synthetic
lusaka,2025-09-22,31.56,23.51,synthetic
lusaka,2025-09-23,31.26,22.81,synthetic
lusaka,2025-09-24,30.56,22.13,synthetic
lusaka,2025-09-25,29.73,21.71,synthetic
lusaka,2025-09-26,29.08,21.49,synthetic
lusaka,2025-09-27,28.89,21.35,synthetic
lusaka,2025-09-28,29.24,21.33,synthetic
lusaka,2025-09-29,30.03,21.66,synthetic
lusaka,2025-09-30,30.99,22.51,synthetic
lusaka,2025-10-01,31.81,23.65,synthetic
lusaka,2025-10-02,32.21,24.52,synthetic
lusaka,2025-10-03,32.07,24.57,synthetic
lusaka,2025-10-04,31.47,23.69,synthetic
lusaka,2025-10-05,30.63,22.37,synthetic
lusaka,2025-10-06,29.9,21.4,synthetic
lusaka,2025-10-07,29.55,21.27,synthetic
lusaka,2025-10-08,29.74,21.93,synthetic
lusaka,2025-10-09,30.41,22.9,synthetic
lusaka,2025-10-10,31.36,23.7,synthetic
lusaka,2025-10-11,32.25,24.12,synthetic
lusaka,2025-10-12,32.79,24.31,synthetic
lusaka,2025-10-13,32.81,24.42,synthetic
lusaka,2025-10-14,32.33,24.39,synthetic
lusaka,2025-10-15,31.53,23.98,synthetic
lusaka,2025-10-16,30.73,23.16,synthetic
lusaka,2025-10-17,30.24,22.25,synthetic
lusaka,2025-10-18,30.25,21.84,synthetic
lusaka,2025-10-19,30.79,22.33,synthetic
lusaka,2025-10-20,31.68,23.6,synthetic
lusaka,2025-10-21,32.62,24.99,synthetic
lusaka,2025-10-22,33.29,25.77,synthetic
lusaka,2025-10-23,33.47,25.62,synthetic
lusaka,2025-10-24,33.11,24.79,synthetic
lusaka,2025-10-25,32.37,23.87,synthetic
lusaka,2025-10-26,31.53,23.31,synthetic
lusaka,2025-10-27,30.92,23.18,synthetic
lusaka,2025-10-28,30.76,23.26,synthetic
lusaka,2025-10-29,31.15,23.43,synthetic
lusaka,2025-10-30,31.96,23.76,synthetic
lusaka,2025-10-31,32.91,24.42,synthetic
lusaka,2025-11-01,33.68,25.34,synthetic
lusaka,2025-11-02,34.01,26.14,synthetic
lusaka,2025-11-03,33.81,26.29,synthetic
lusaka,2025-11-04,33.15,25.53,synthetic
lusaka,2025-11-05,32.3,24.24,synthetic
lusaka,2025-11-06,31.57,23.12,synthetic
lusaka,2025-11-07,31.26,22.83,synthetic
lusaka,2025-11-08,31.48,23.47,synthetic
lusaka,2025-11-09,32.17,24.59,synthetic
lusaka,2025-11-10,33.11,25.57,synthetic
lusaka,2025-11-11,33.96,26.04,synthetic
lusaka,2025-11-12,34.44,26.07,synthetic
lusaka,2025-11-13,34.38,25.9,synthetic
lusaka,2025-11-14,33.83,25.68,synthetic
lusaka,2025-11-15,32.99,25.31,synthetic
lusaka,2025-11-16,32.19,24.69,synthetic
lusaka,2025-11-17,31.72,23.93,synthetic
lusaka,2025-11-18,31.77,23.51,synthetic
lusaka,2025-11-19,32.33,23.83,synthetic
lusaka,2025-11-20,33.22,24.94,synthetic
lusaka,2025-11-21,34.12,26.32,synthetic
lusaka,2025-11-22,34.72,27.21,synthetic
lusaka,2025-11-23,34.82,27.15,synthetic
lusaka,2025-11-24,34.39,26.25,synthetic
lusaka,2025-11-25,33.6,25.12,synthetic
lusaka,2025-11-26,32.75,24.37,synthetic
lusaka,2025-11-27,32.14,24.21,synthetic
lusaka,2025-11-28,32.01,24.46,synthetic
lusaka,2025-11-29,32.42,24.84,synthetic
lusaka,2025-11-30,33.23,25.23,synthetic
lusaka,2025-12-01,34.15,25.73,synthetic
lusaka,2025-12-02,34.86,26.4,synthetic
lusaka,2025-12-03,35.11,27.04,synthetic
lusaka,2025-12-04,34.82,27.2,synthetic
lusaka,2025-12-05,34.11,26.59,synthetic
lusaka,2025-12-06,33.22,25.36,synthetic
lusaka,2025-12-07,32.5,24.17,synthetic
lusaka,2025-12-08,32.2,23.7,synthetic
lusaka,2025-12-09,32.45,24.24,synthetic
lusaka,2025-12-10,33.15,25.42,synthetic
lusaka,2025-12-11,34.06,26.56,synthetic
lusaka,2025-12-12,34.85,27.12,synthetic
lusaka,2025-12-13,35.25,27.04,synthetic
lusaka,2025-12-14,35.11,26.62,synthetic
lusaka,2025-12-15,34.48,26.15,synthetic
lusaka,2025-12-16,33.6,25.74,synthetic
lusaka,2025-12-17,32.79,25.27,synthetic
lusaka,2025-12-18,32.33,24.71,synthetic
lusaka,2025-12-19,32.4,24.33,synthetic
lusaka,2025-12-20,32.98,24.53,synthetic
lusaka,2025-12-21,33.84,25.42,synthetic
lusaka,2025-12-22,34.69,26.69,synthetic
lusaka,2025-12-23,35.22,27.64,synthetic
lusaka,2025-12-24,35.23,27.68,synthetic
lusaka,2025-12-25,34.73,26.8,synthetic
lusaka,2025-12-26,33.88,25.5,synthetic
lusaka,2025-12-27,33.0,24.52,synthetic
lusaka,2025-12-28,32.4,24.26,synthetic
lusaka,2025-12-29,32.29,24.62,synthetic
lusaka,2025-12-30,32.72,25.21,synthetic
lusaka,2025-12-31,33.52,25.73,synthetic
kampala,2025-01-01,22.83,14.83,synthetic
kampala,2025-01-02,23.35,14.93,synthetic
kampala,2025-01-03,24.2,15.75,synthetic
kampala,2025-01-04,25.09,17.02,synthetic
kampala,2025-01-05,25.7,18.08,synthetic
kampala,2025-01-06,25.82,18.3,synthetic
kampala,2025-01-07,25.4,17.54,synthetic
kampala,2025-01-08,24.62,16.29,synthetic
kampala,2025-01-09,23.75,15.26,synthetic
kampala,2025-01-10,23.12,14.91,synthetic
kampala,2025-01-11,22.96,15.23,synthetic
kampala,2025-01-12,23.34,15.84,synthetic
kampala,2025-01-13,24.13,16.4,synthetic
kampala,2025-01-14,25.06,16.85,synthetic
kampala,2025-01-15,25.79,17.29,synthetic
kampala,2025-01-16,26.08,17.75,synthetic
kampala,2025-01-17,25.83,17.97,synthetic
kampala,2025-01-18,25.14,17.62,synthetic
kampala,2025-01-19,24.27,16.65,synthetic
kampala,2025-01-20,23.55,15.48,synthetic
kampala,2025-01-21,23.24,14.78,synthetic
kampala,2025-01-22,23.48,15.06,synthetic
kampala,2025-01-23,24.18,16.18,synthetic
kampala,2025-01-24,25.11,17.53,synthetic
kampala,2025-01-25,25.94,18.39,synthetic
kampala,2025-01-26,26.39,18.46,synthetic
kampala,2025-01-27,26.31,17.93,synthetic
kampala,2025-01-28,25.74,17.26,synthetic
kampala,2025-01-29,24.9,16.76,synthetic
kampala,2025-01-30,24.11,16.44,synthetic
kampala,2025-01-31,23.67,16.16,synthetic
kampala,2025-02-01,23.75,15.95,synthetic
kampala,2025-02-02,24.34,16.06,synthetic
kampala,2025-02-03,25.25,16.75,synthetic
kampala,2025-02-04,26.15,17.89,synthetic
kampala,2025-02-05,26.75,18.96,synthetic
kampala,2025-02-06,26.84,19.34,synthetic
kampala,2025-02-07,26.41,18.73,synthetic
kampala,2025-02-08,25.63,17.48,synthetic
kampala,2025-02-09,24.8,16.32,synthetic
kampala,2025-02-10,24.23,15.86,synthetic
kampala,2025-02-11,24.16,16.24,synthetic
kampala,2025-02-12,24.62,17.08,synthetic
kampala,2025-02-13,25.46,17.88,synthetic
kampala,2025-02-14,26.41,18.4,synthetic
kampala,2025-02-15,27.14,18.71,synthetic
kampala,2025-02-16,27.4,18.95,synthetic
kampala,2025-02-17,27.12,19.06,synthetic
kampala,2025-02-18,26.42,18.8,synthetic
kampala,2025-02-19,25.58,18.06,synthetic
kampala,2025-02-20,24.91,17.04,synthetic
kampala,2025-02-21,24.68,16.34,synthetic
kampala,2025-02-22,24.99,16.5,synthetic
kampala,2025-02-23,25.76,17.56,synthetic
kampala,2025-02-24,26.71,18.99,synthetic
kampala,2025-02-25,27.54,20.04,synthetic
kampala,2025-02-26,27.97,20.23,synthetic
kampala,2025-02-27,27.85,19.63,synthetic
kampala,2025-02-28,27.26,18.76,synthetic
kampala,2025-03-01,26.43,18.11,synthetic
kampala,2025-03-02,25.68,17.83,synthetic
kampala,2025-03-03,25.31,17.79,synthetic
kampala,2025-03-04,25.46,17.83,synthetic
kampala,2025-03-05,26.12,18.04,synthetic
kampala,2025-03-06,27.05,18.59,synthetic
kampala,2025-03-07,27.96,19.55,synthetic
kampala,2025-03-08,28.53,20.54,synthetic
kampala,2025-03-09,28.58,21.01,synthetic
kampala,2025-03-10,28.12,20.57,synthetic
kampala,2025-03-11,27.34,19.4,synthetic
kampala,2025-03-12,26.53,18.14,synthetic
kampala,2025-03-13,26.02,17.54,synthetic
kampala,2025-03-14,26.02,17.89,synthetic
kampala,2025-03-15,26.54,18.88,synthetic
kampala,2025-03-16,27.42,19.91,synthetic
kampala,2025-03-17,28.37,20.56,synthetic
kampala,2025-03-18,29.07,20.79,synthetic
kampala,2025-03-19,29.29,20.79,synthetic
kampala,2025-03-20,28.97,20.71,synthetic
kampala,2025-03-21,28.26,20.48,synthetic
kampala,2025-03-22,27.43,19.93,synthetic
kampala,2025-03-23,26.8,19.11,synthetic
kampala,2025-03-24,26.63,18.47,synthetic
kampala,2025-03-25,27.0,18.52,synthetic
kampala,2025-03-26,27.81,19.44,synthetic
kampala,2025-03-27,28.77,20.86,synthetic
kampala,2025-03-28,29.58,22.04,synthetic
kampala,2025-03-29,29.95,22.36,synthetic
kampala,2025-03-30,29.79,21.77,synthetic
kampala,2025-03-31,29.17,20.74,synthetic
kampala,2025-04-01,28.34,19.89,synthetic
kampala,2025-04-02,27.62,19.57,synthetic
kampala,2025-04-03,27.29,19.68,synthetic
kampala,2025-04-04,27.51,19.98,synthetic
kampala,2025-04-05,28.2,20.32,synthetic
kampala,2025-04-06,29.15,20.81,synthetic
kampala,2025-04-07,30.03,21.54,synthetic
kampala,2025-04-08,30.56,22.37,synthetic
kampala,2025-04-09,30.55,22.84,synthetic
kampala,2025-04-10,30.05,22.55,synthetic
kampala,2025-04-11,29.24,21.49,synthetic
kampala,2025-04-12,28.45,20.22,synthetic
kampala,2025-04-13,27.98,19.48,synthetic
kampala,2025-04-14,28.03,19.72,synthetic
kampala,2025-04-15,28.59,20.75,synthetic
kampala,2025-04-16,29.49,21.98,synthetic
kampala,2025-04-17,30.42,22.78,synthetic
kampala,2025-04-18,31.08,22.99,synthetic
kampala,2025-04-19,31.23,22.77,synthetic
kampala,2025-04-20,30.86,22.45,synthetic
kampala,2025-04-21,30.11,22.13,synthetic
kampala,2025-04-22,29.28,21.71,synthetic
kampala,2025-04-23,28.68,21.12,synthetic
kampala,2025-04-24,28.55,20.6,synthetic
kampala,2025-04-25,28.96,20.57,synthetic
kampala,2025-04-26,29.78,21.31,synthetic
kampala,2025-04-27,30.74,22.62,synthetic
kampala,2025-04-28,31.5,23.84,synthetic
kampala,2025-04-29,31.81,24.3,synthetic
kampala,2025-04-30,31.58,23.77,synthetic
kampala,2025-05-01,30.91,22.62,synthetic
kampala,2025-05-02,30.06,21.56,synthetic
kampala,2025-05-03,29.36,21.11,synthetic
kampala,2025-05-04,29.07,21.3,synthetic
kampala,2025-05-05,29.32,21.82,synthetic
kampala,2025-05-06,30.03,22.34,synthetic
kampala,2025-05-07,30.97,22.81,synthetic
kampala,2025-05-08,31.81,23.32,synthetic
kampala,2025-05-09,32.27,23.91,synthetic
kampala,2025-05-10,32.2,24.3,synthetic
kampala,2025-05-11,31.63,24.1,synthetic
kampala,2025-05-12,30.79,23.2,synthetic
kampala,2025-05-13,30.0,21.97,synthetic
kampala,2025-05-14,29.56,21.13,synthetic
kampala,2025-05-15,29.63,21.19,synthetic
kampala,2025-05-16,30.22,22.18,synthetic
kampala,2025-05-17,31.11,23.51,synthetic
kampala,2025-05-18,32.01,24.48,synthetic
kampala,2025-05-19,32.6,24.71,synthetic
kampala,2025-05-20,32.68,24.33,synthetic
kampala,2025-05-21,32.24,23.75,synthetic
kampala,2025-05-22,31.44,23.26,synthetic
kampala,2025-05-23,30.59,22.88,synthetic
kampala,2025-05-24,30.01,22.51,synthetic
kampala,2025-05-25,29.91,22.16,synthetic
kampala,2025-05-26,30.34,22.11,synthetic
kampala,2025-05-27,31.17,22.67,synthetic
kampala,2025-05-28,32.09,23.79,synthetic
kampala,2025-05-29,32.79,24.96,synthetic
kampala,2025-05-30,33.02,25.51,synthetic
kampala,2025-05-31,32.71,25.07,synthetic
kampala,2025-06-01,31.99,23.89,synthetic
kampala,2025-06-02,31.11,22.64,synthetic
kampala,2025-06-03,30.4,22.0,synthetic
kampala,2025-06-04,30.13,22.16,synthetic
kampala,2025-06-05,30.41,22.85,synthetic
kampala,2025-06-06,31.13,23.57,synthetic
kampala,2025-06-07,32.04,24.08,synthetic
kampala,2025-06-08,32.83,24.43,synthetic
kampala,2025-06-09,33.21,24.74,synthetic
kampala,2025-06-10,33.05,24.94,synthetic
kampala,2025-06-11,32.41,24.76,synthetic
kampala,2025-06-12,31.53,24.02,synthetic
kampala,2025-06-13,30.73,22.91,synthetic
kampala,2025-06-14,30.3,22.0,synthetic
kampala,2025-06-15,30.4,21.9,synthetic
kampala,2025-06-16,31.0,22.76,synthetic
kampala,2025-06-17,31.87,24.11,synthetic
kampala,2025-06-18,32.72,25.22,synthetic
kampala,2025-06-19,33.23,25.53,synthetic
kampala,2025-06-20,33.23,25.06,synthetic
kampala,2025-06-21,32.7,24.21,synthetic
kampala,2025-06-22,31.85,23.5,synthetic
kampala,2025-06-23,30.98,23.09,synthetic
kampala,2025-06-24,30.41,22.88,synthetic
kampala,2025-06-25,30.33,22.73,synthetic
kampala,2025-06-26,30.78,22.74,synthetic
kampala,2025-06-27,31.59,23.15,synthetic
kampala,2025-06-28,32.47,24.03,synthetic
kampala,2025-06-29,33.1,25.06,synthetic
kampala,2025-06-30,33.24,25.64,synthetic
kampala,2025-07-01,32.85,25.32,synthetic
kampala,2025-07-02,32.06,24.17,synthetic
kampala,2025-07-03,31.15,22.8,synthetic
kampala,2025-07-04,30.45,21.96,synthetic
kampala,2025-07-05,30.2,22.03,synthetic
kampala,2025-07-06,30.48,22.78,synthetic
kampala,2025-07-07,31.2,23.7,synthetic
kampala,2025-07-08,32.09,24.33,synthetic
kampala,2025-07-09,32.81,24.57,synthetic
kampala,2025-07-10,33.1,24.6,synthetic
kampala,2025-07-11,32.85,24.55,synthetic
kampala,2025-07-12,32.15,24.33,synthetic
kampala,2025-07-13,31.23,23.72,synthetic
kampala,2025-07-14,30.42,22.77,synthetic
kampala,2025-07-15,30.0,21.89,synthetic
kampala,2025-07-16,30.12,21.65,synthetic
kampala,2025-07-17,30.72,22.32,synthetic
kampala,2025-07-18,31.58,23.62,synthetic
kampala,2025-07-19,32.37,24.81,synthetic
kampala,2025-07-20,32.8,25.24,synthetic
kampala,2025-07-21,32.71,24.74,synthetic
kampala,2025-07-22,32.11,23.71,synthetic
kampala,2025-07-23,31.21,22.74,synthetic
kampala,2025-07-24,30.32,22.22,synthetic
kampala,2025-07-25,29.76,22.12,synthetic
kampala,2025-07-26,29.7,22.19,synthetic
kampala,2025-07-27,30.16,22.33,synthetic
kampala,2025-07-28,30.96,22.66,synthetic
kampala,2025-07-29,31.8,23.3,synthetic
kampala,2025-07-30,32.36,24.13,synthetic
kampala,2025-07-31,32.42,24.67,synthetic
kampala,2025-08-01,31.95,24.45,synthetic
kampala,2025-08-02,31.1,23.39,synthetic
kampala,2025-08-03,30.16,21.98,synthetic
kampala,2025-08-04,29.46,20.97,synthetic
kampala,2025-08-05,29.23,20.88,synthetic
kampala,2025-08-06,29.54,21.65,synthetic
kampala,2025-08-07,30.26,22.73,synthetic
kampala,2025-08-08,31.12,23.52,synthetic
kampala,2025-08-09,31.78,23.74,synthetic
kampala,2025-08-10,31.99,23.55,synthetic
kampala,2025-08-11,31.66,23.23,synthetic
kampala,2025-08-12,30.89,22.86,synthetic
kampala,2025-08-13,29.94,22.35,synthetic
kampala,2025-08-14,29.13,21.6,synthetic
kampala,2025-08-15,28.74,20.84,synthetic
kampala,2025-08-16,28.88,20.52,synthetic
kampala,2025-08-17,29.5,21.01,synthetic
kampala,2025-08-18,30.34,22.18,synthetic
kampala,2025-08-19,31.08,23.39,synthetic
kampala,2025-08-20,31.44,23.94,synthetic
kampala,2025-08-21,31.26,23.49,synthetic
kampala,2025-08-22,30.6,22.35,synthetic
kampala,2025-08-23,29.66,21.16,synthetic
kampala,2025-08-24,28.77,20.48,synthetic
kampala,2025-08-25,28.23,20.42,synthetic
kampala,2025-08-26,28.2,20.69,synthetic
kampala,2025-08-27,28.69,21.03,synthetic
kampala,2025-08-28,29.49,21.37,synthetic
kampala,2025-08-29,30.29,21.82,synthetic
kampala,2025-08-30,30.78,22.39,synthetic
kampala,2025-08-31,30.77,22.82,synthetic
kampala,2025-09-01,30.23,22.68,synthetic
kampala,2025-09-02,29.34,21.77,synthetic
kampala,2025-09-03,28.39,20.41,synthetic
kampala,2025-09-04,27.71,19.3,synthetic
kampala,2025-09-05,27.52,19.06,synthetic
kampala,2025-09-06,27.86,19.77,synthetic
kampala,2025-09-07,28.59,20.95,synthetic
kampala,2025-09-08,29.42,21.91,synthetic
kampala,2025-09-09,30.03,22.19,synthetic
kampala,2025-09-10,30.18,21.87,synthetic
kampala,2025-09-11,29.79,21.29,synthetic
kampala,2025-09-12,28.97,20.74,synthetic
kampala,2025-09-13,28.0,20.25,synthetic
kampala,2025-09-14,27.21,19.71,synthetic
kampala,2025-09-15,26.86,19.15,synthetic
kampala,2025-09-16,27.05,18.86,synthetic
kampala,2025-09-17,27.68,19.19,synthetic
kampala,2025-09-18,28.52,20.18,synthetic
kampala,2025-09-19,29.22,21.34,synthetic
kampala,2025-09-20,29.52,21.99,synthetic
kampala,2025-09-21,29.29,21.68,synthetic
kampala,2025-09-22,28.57,20.52,synthetic
kampala,2025-09-23,27.62,19.17,synthetic
kampala,2025-09-24,26.74,18.31,synthetic
kampala,2025-09-25,26.24,18.22,synthetic
kampala,2025-09-26,26.26,18.67,synthetic
kampala,2025-09-27,26.78,19.24,synthetic
kampala,2025-09-28,27.59,19.68,synthetic
kampala,2025-09-29,28.37,20.0,synthetic
kampala,2025-09-30,28.82,20.34,synthetic
kampala,2025-10-01,28.74,20.58,synthetic
kampala,2025-10-02,28.16,20.47,synthetic
kampala,2025-10-03,27.25,19.75,synthetic
kampala,2025-10-04,26.31,18.53,synthetic
kampala,2025-10-05,25.67,17.41,synthetic
kampala,2025-10-06,25.53,17.03,synthetic
kampala,2025-10-07,25.92,17.64,synthetic
kampala,2025-10-08,26.68,18.87,synthetic
kampala,2025-10-09,27.5,19.99,synthetic
kampala,2025-10-10,28.08,20.42,synthetic
kampala,2025-10-11,28.17,20.04,synthetic
kampala,2025-10-12,27.73,19.25,synthetic
kampala,2025-10-13,26.89,18.5,synthetic
kampala,2025-10-14,25.94,18.0,synthetic
kampala,2025-10-15,25.18,17.63,synthetic
kampala,2025-10-16,24.89,17.32,synthetic
kampala,2025-10-17,25.13,17.14,synthetic
kampala,2025-10-18,25.81,17.4,synthetic
kampala,2025-10-19,26.65,18.19,synthetic
kampala,2025-10-20,27.33,19.25,synthetic
kampala,2025-10-21,27.59,19.96,synthetic
kampala,2025-10-22,27.31,19.79,synthetic
kampala,2025-10-23,26.57,18.72,synthetic
kampala,2025-10-24,25.62,17.3,synthetic
kampala,2025-10-25,24.78,16.28,synthetic
kampala,2025-10-26,24.34,16.12,synthetic
kampala,2025-10-27,24.43,16.69,synthetic
kampala,2025-10-28,25.0,17.5,synthetic
kampala,2025-10-29,25.83,18.11,synthetic
kampala,2025-10-30,26.6,18.4,synthetic
kampala,2025-10-31,27.02,18.53,synthetic
kampala,2025-11-01,26.91,18.57,synthetic
kampala,2025-11-02,26.29,18.42,synthetic
kampala,2025-11-03,25.38,17.86,synthetic
kampala,2025-11-04,24.48,16.86,synthetic
kampala,2025-11-05,23.9,15.84,synthetic
kampala,2025-11-06,23.83,15.38,synthetic
kampala,2025-11-07,24.29,15.86,synthetic
kampala,2025-11-08,25.08,17.07,synthetic
kampala,2025-11-09,25.91,18.33,synthetic
kampala,2025-11-10,26.47,18.93,synthetic
kampala,2025-11-11,26.53,18.61,synthetic
kampala,2025-11-12,26.06,17.69,synthetic
kampala,2025-11-13,25.21,16.73,synthetic
kampala,2025-11-14,24.28,16.13,synthetic
kampala,2025-11-15,23.59,15.91,synthetic
kampala,2025-11-16,23.37,15.87,synthetic
kampala,2025-11-17,23.68,15.89,synthetic
kampala,2025-11-18,24.41,16.15,synthetic
kampala,2025-11-19,25.28,16.78,synthetic
kampala,2025-11-20,25.96,17.68,synthetic
kampala,2025-11-21,26.19,18.39,synthetic
kampala,2025-11-22,25.88,18.37,synthetic
kampala,2025-11-23,25.13,17.46,synthetic
kampala,2025-11-24,24.2,16.06,synthetic
kampala,2025-11-25,23.41,14.93,synthetic
kampala,2025-11-26,23.05,14.67,synthetic
kampala,2025-11-27,23.22,15.29,synthetic
kampala,2025-11-28,23.86,16.31,synthetic
kampala,2025-11-29,24.72,17.14,synthetic
kampala,2025-11-30,25.5,17.5,synthetic
kampala,2025-12-01,25.89,17.47,synthetic
kampala,2025-12-02,25.76,17.3,synthetic
kampala,2025-12-03,25.13,17.06,synthetic
kampala,2025-12-04,24.23,16.61,synthetic
kampala,2025-12-05,23.38,15.86,synthetic
kampala,2025-12-06,22.88,15.02,synthetic
kampala,2025-12-07,22.89,14.56,synthetic
kampala,2025-12-08,23.42,14.92,synthetic
kampala,2025-12-09,24.27,16.06,synthetic
kampala,2025-12-10,25.11,17.38,synthetic
kampala,2025-12-11,25.66,18.16,synthetic
kampala,2025-12-12,25.7,17.97,synthetic
kampala,2025-12-13,25.21,17.0,synthetic
kampala,2025-12-14,24.38,15.89,synthetic
kampala,2025-12-15,23.49,15.16,synthetic
kampala,2025-12-16,22.86,15.0,synthetic
kampala,2025-12-17,22.73,15.21,synthetic
kampala,2025-12-18,23.13,15.51,synthetic
kampala,2025-12-19,23.92,15.85,synthetic
kampala,2025-12-20,24.81,16.36,synthetic
kampala,2025-12-21,25.48,17.06,synthetic
kampala,2025-12-22,25.7,17.7,synthetic
kampala,2025-12-23,25.37,17.79,synthetic
kampala,2025-12-24,24.62,17.07,synthetic
kampala,2025-12-25,23.73,15.8,synthetic
kampala,2025-12-26,23.01,14.63,synthetic
kampala,2025-12-27,22.72,14.24,synthetic
kampala,2025-12-28,22.98,14.84,synthetic
kampala,2025-12-29,23.69,16.02,synthetic
kampala,2025-12-30,24.6,17.09,synthetic
kampala,2025-12-31,25.38,17.59,synthetic
lagos,2025-01-01,28.35,20.35,synthetic
lagos,2025-01-02,29.27,20.85,synthetic
lagos,2025-01-03,30.01,21.56,synthetic
lagos,2025-01-04,30.31,22.24,synthetic
lagos,2025-01-05,30.08,22.46,synthetic
lagos,2025-01-06,29.4,21.88,synthetic
lagos,2025-01-07,28.52,20.66,synthetic
lagos,2025-01-08,27.76,19.43,synthetic
lagos,2025-01-09,27.42,18.93,synthetic
lagos,2025-01-10,27.61,19.4,synthetic
lagos,2025-01-11,28.28,20.55,synthetic
lagos,2025-01-12,29.19,21.69,synthetic
lagos,2025-01-13,30.03,22.3,synthetic
lagos,2025-01-14,30.49,22.28,synthetic
lagos,2025-01-15,30.43,21.93,synthetic
lagos,2025-01-16,29.88,21.55,synthetic
lagos,2025-01-17,29.03,21.17,synthetic
lagos,2025-01-18,28.22,20.7,synthetic
lagos,2025-01-19,27.74,20.12,synthetic
lagos,2025-01-20,27.78,19.71,synthetic
lagos,2025-01-21,28.33,19.87,synthetic
lagos,2025-01-22,29.21,20.79,synthetic
lagos,2025-01-23,30.12,22.12,synthetic
lagos,2025-01-24,30.73,23.15,synthetic
lagos,2025-01-25,30.84,23.29,synthetic
lagos,2025-01-26,30.43,22.5,synthetic
lagos,2025-01-27,29.65,21.27,synthetic
lagos,2025-01-28,28.8,20.32,synthetic
lagos,2025-01-29,28.21,20.07,synthetic
lagos,2025-01-30,28.09,20.42,synthetic
lagos,2025-01-31,28.51,21.0,synthetic
lagos,2025-02-01,29.33,21.53,synthetic
lagos,2025-02-02,30.27,21.99,synthetic
lagos,2025-02-03,31.01,22.51,synthetic
lagos,2025-02-04,31.29,23.03,synthetic
lagos,2025-02-05,31.04,23.25,synthetic
lagos,2025-02-06,30.35,22.85,synthetic
lagos,2025-02-07,29.5,21.82,synthetic
lagos,2025-02-08,28.81,20.66,synthetic
lagos,2025-02-09,28.54,20.06,synthetic
lagos,2025-02-10,28.81,20.44,synthetic
lagos,2025-02-11,29.54,21.62,synthetic
lagos,2025-02-12,30.49,22.95,synthetic
lagos,2025-02-13,31.33,23.75,synthetic
lagos,2025-02-14,31.78,23.77,synthetic
lagos,2025-02-15,31.69,23.26,synthetic
lagos,2025-02-16,31.12,22.67,synthetic
lagos,2025-02-17,30.29,22.23,synthetic
lagos,2025-02-18,29.52,21.9,synthetic
lagos,2025-02-19,29.11,21.59,synthetic
lagos,2025-02-20,29.23,21.36,synthetic
lagos,2025-02-21,29.85,21.51,synthetic
lagos,2025-02-22,30.77,22.28,synthetic
lagos,2025-02-23,31.68,23.48,synthetic
lagos,2025-02-24,32.27,24.55,synthetic
lagos,2025-02-25,32.36,24.86,synthetic
lagos,2025-02-26,31.92,24.18,synthetic
lagos,2025-02-27,31.14,22.92,synthetic
lagos,2025-02-28,30.32,21.82,synthetic
lagos,2025-03-01,29.79,21.47,synthetic
lagos,2025-03-02,29.74,21.89,synthetic
lagos,2025-03-03,30.23,22.71,synthetic
lagos,2025-03-04,31.1,23.47,synthetic
lagos,2025-03-05,32.05,23.97,synthetic
lagos,2025-03-06,32.77,24.31,synthetic
lagos,2025-03-07,33.02,24.61,synthetic
lagos,2025-03-08,32.73,24.74,synthetic
lagos,2025-03-09,32.03,24.46,synthetic
lagos,2025-03-10,31.2,23.65,synthetic
lagos,2025-03-11,30.55,22.61,synthetic
lagos,2025-03-12,30.35,21.96,synthetic
lagos,2025-03-13,30.69,22.21,synthetic
lagos,2025-03-14,31.47,23.34,synthetic
lagos,2025-03-15,32.44,24.78,synthetic
lagos,2025-03-16,33.26,25.75,synthetic
lagos,2025-03-17,33.67,25.86,synthetic
lagos,2025-03-18,33.54,25.26,synthetic
lagos,2025-03-19,32.94,24.44,synthetic
lagos,2025-03-20,32.11,23.85,synthetic
lagos,2025-03-21,31.38,23.6,synthetic
lagos,2025-03-22,31.02,23.52,synthetic
lagos,2025-03-23,31.2,23.51,synthetic
lagos,2025-03-24,31.87,23.71,synthetic
lagos,2025-03-25,32.82,24.34,synthetic
lagos,2025-03-26,33.72,25.35,synthetic
lagos,2025-03-27,34.27,26.36,synthetic
lagos,2025-03-28,34.31,26.77,synthetic
lagos,2025-03-29,33.83,26.24,synthetic
lagos,2025-03-30,33.04,25.02,synthetic
lagos,2025-03-31,32.24,23.81,synthetic
lagos,2025-04-01,31.75,23.3,synthetic
lagos,2025-04-02,31.76,23.71,synthetic
lagos,2025-04-03,32.3,24.69,synthetic
lagos,2025-04-04,33.19,25.66,synthetic
lagos,2025-04-05,34.14,26.26,synthetic
lagos,2025-04-06,34.82,26.48,synthetic
lagos,2025-04-07,35.01,26.52,synthetic
lagos,2025-04-08,34.68,26.49,synthetic
lagos,2025-04-09,33.95,26.24,synthetic
lagos,2025-04-10,33.11,25.61,synthetic
lagos,2025-04-11,32.5,24.75,synthetic
lagos,2025-04-12,32.35,24.12,synthetic
lagos,2025-04-13,32.73,24.23,synthetic
lagos,2025-04-14,33.54,25.23,synthetic
lagos,2025-04-15,34.5,26.66,synthetic
lagos,2025-04-16,35.29,27.78,synthetic
lagos,2025-04-17,35.64,28.0,synthetic
lagos,2025-04-18,35.45,27.36,synthetic
lagos,2025-04-19,34.81,26.35,synthetic
lagos,2025-04-20,33.97,25.56,synthetic
lagos,2025-04-21,33.26,25.28,synthetic
lagos,2025-04-22,32.94,25.37,synthetic
lagos,2025-04-23,33.17,25.61,synthetic
lagos,2025-04-24,33.87,25.92,synthetic
lagos,2025-04-25,34.81,26.42,synthetic
lagos,2025-04-26,35.68,27.21,synthetic
lagos,2025-04-27,36.17,28.05,synthetic
lagos,2025-04-28,36.14,28.48,synthetic
lagos,2025-04-29,35.61,28.1,synthetic
lagos,2025-04-30,34.79,26.98,synthetic
lagos,2025-05-01,33.99,25.7,synthetic
lagos,2025-05-02,33.53,25.03,synthetic
lagos,2025-05-03,33.59,25.34,synthetic
lagos,2025-05-04,34.15,26.38,synthetic
lagos,2025-05-05,35.05,27.55,synthetic
lagos,2025-05-06,35.97,28.28,synthetic
lagos,2025-05-07,36.59,28.43,synthetic
lagos,2025-05-08,36.71,28.22,synthetic
lagos,2025-05-09,36.31,27.95,synthetic
lagos,2025-05-10,35.54,27.64,synthetic
lagos,2025-05-11,34.69,27.16,synthetic
lagos,2025-05-12,34.1,26.51,synthetic
lagos,2025-05-13,33.98,25.95,synthetic
lagos,2025-05-14,34.39,25.96,synthetic
lagos,2025-05-15,35.21,26.77,synthetic
lagos,2025-05-16,36.15,28.11,synthetic
lagos,2025-05-17,36.88,29.28,synthetic
lagos,2025-05-18,37.16,29.63,synthetic
lagos,2025-05-19,36.89,29.0,synthetic
lagos,2025-05-20,36.2,27.85,synthetic
lagos,2025-05-21,35.33,26.84,synthetic
lagos,2025-05-22,34.62,26.44,synthetic
lagos,2025-05-23,34.33,26.62,synthetic
lagos,2025-05-24,34.58,27.08,synthetic
lagos,2025-05-25,35.29,27.54,synthetic
lagos,2025-05-26,36.22,27.99,synthetic
lagos,2025-05-27,37.04,28.54,synthetic
lagos,2025-05-28,37.46,29.16,synthetic
lagos,2025-05-29,37.34,29.51,synthetic
lagos,2025-05-30,36.74,29.23,synthetic
lagos,2025-05-31,35.88,28.24,synthetic
lagos,2025-06-01,35.08,26.98,synthetic
lagos,2025-06-02,34.64,26.17,synthetic
lagos,2025-06-03,34.72,26.32,synthetic
lagos,2025-06-04,35.3,27.33,synthetic
lagos,2025-06-05,36.18,28.62,synthetic
lagos,2025-06-06,37.05,29.49,synthetic
lagos,2025-06-07,37.6,29.64,synthetic
lagos,2025-06-08,37.64,29.24,synthetic
lagos,2025-06-09,37.16,28.69,synthetic
lagos,2025-06-10,36.34,28.23,synthetic
lagos,2025-06-11,35.47,27.82,synthetic
lagos,2025-06-12,34.88,27.37,synthetic
lagos,2025-06-13,34.79,26.97,synthetic
lagos,2025-06-14,35.22,26.92,synthetic
lagos,2025-06-15,36.03,27.53,synthetic
lagos,2025-06-16,36.93,28.69,synthetic
lagos,2025-06-17,37.6,29.84,synthetic
lagos,2025-06-18,37.79,30.29,synthetic
lagos,2025-06-19,37.44,29.74,synthetic
lagos,2025-06-20,36.68,28.51,synthetic
lagos,2025-06-21,35.78,27.29,synthetic
lagos,2025-06-22,35.07,26.72,synthetic
lagos,2025-06-23,34.8,26.91,synthetic
lagos,2025-06-24,35.07,27.54,synthetic
lagos,2025-06-25,35.78,28.18,synthetic
lagos,2025-06-26,36.68,28.64,synthetic
lagos,2025-06-27,37.43,28.99,synthetic
lagos,2025-06-28,37.77,29.33,synthetic
lagos,2025-06-29,37.57,29.53,synthetic
lagos,2025-06-30,36.89,29.29,synthetic
lagos,2025-07-01,35.99,28.46,synthetic
lagos,2025-07-02,35.18,27.29,synthetic
lagos,2025-07-03,34.75,26.4,synthetic
lagos,2025-07-04,34.85,26.36,synthetic
lagos,2025-07-05,35.44,27.27,synthetic
lagos,2025-07-06,36.3,28.6,synthetic
lagos,2025-07-07,37.12,29.62,synthetic
lagos,2025-07-08,37.59,29.83,synthetic
lagos,2025-07-09,37.54,29.3,synthetic
lagos,2025-07-10,36.98,28.48,synthetic
lagos,2025-07-11,36.1,27.8,synthetic
lagos,2025-07-12,35.22,27.4,synthetic
lagos,2025-07-13,34.63,27.12,synthetic
lagos,2025-07-14,34.56,26.91,synthetic
lagos,2025-07-15,35.0,26.89,synthetic
lagos,2025-07-16,35.81,27.34,synthetic
lagos,2025-07-17,36.66,28.26,synthetic
lagos,2025-07-18,37.25,29.29,synthetic
lagos,2025-07-19,37.36,29.8,synthetic
lagos,2025-07-20,36.93,29.37,synthetic
lagos,2025-07-21,36.1,28.13,synthetic
lagos,2025-07-22,35.18,26.78,synthetic
lagos,2025-07-23,34.46,25.99,synthetic
lagos,2025-07-24,34.22,26.12,synthetic
lagos,2025-07-25,34.5,26.86,synthetic
lagos,2025-07-26,35.22,27.71,synthetic
lagos,2025-07-27,36.08,28.25,synthetic
lagos,2025-07-28,36.77,28.47,synthetic
lagos,2025-07-29,37.02,28.52,synthetic
lagos,2025-07-30,36.74,28.51,synthetic
lagos,2025-07-31,36.0,28.25,synthetic
lagos,2025-08-01,35.06,27.56,synthetic
lagos,2025-08-02,34.24,26.53,synthetic
lagos,2025-08-03,33.83,25.65,synthetic
lagos,2025-08-04,33.95,25.46,synthetic
lagos,2025-08-05,34.55,26.2,synthetic
lagos,2025-08-06,35.39,27.5,synthetic
lagos,2025-08-07,36.16,28.63,synthetic
lagos,2025-08-08,36.55,28.95,synthetic
lagos,2025-08-09,36.42,28.38,synthetic
lagos,2025-08-10,35.79,27.35,synthetic
lagos,2025-08-11,34.87,26.44,synthetic
lagos,2025-08-12,33.97,25.94,synthetic
lagos,2025-08-13,33.41,25.82,synthetic
lagos,2025-08-14,33.36,25.83,synthetic
lagos,2025-08-15,33.82,25.92,synthetic
lagos,2025-08-16,34.62,26.26,synthetic
lagos,2025-08-17,35.43,26.94,synthetic
lagos,2025-08-18,35.96,27.8,synthetic
lagos,2025-08-19,35.98,28.29,synthetic
lagos,2025-08-20,35.48,27.98,synthetic
lagos,2025-08-21,34.61,26.84,synthetic
lagos,2025-08-22,33.66,25.41,synthetic
lagos,2025-08-23,32.96,24.46,synthetic
lagos,2025-08-24,32.74,24.45,synthetic
lagos,2025-08-25,33.06,25.25,synthetic
lagos,2025-08-26,33.78,26.27,synthetic
lagos,2025-08-27,34.62,26.96,synthetic
lagos,2025-08-28,35.25,27.13,synthetic
lagos,2025-08-29,35.43,26.96,synthetic
lagos,2025-08-30,35.08,26.69,synthetic
lagos,2025-08-31,34.28,26.33,synthetic
lagos,2025-09-01,33.32,25.77,synthetic
lagos,2025-09-02,32.51,24.94,synthetic
lagos,2025-09-03,32.13,24.15,synthetic
lagos,2025-09-04,32.29,23.88,synthetic
lagos,2025-09-05,32.9,24.44,synthetic
lagos,2025-09-06,33.74,25.65,synthetic
lagos,2025-09-07,34.46,26.82,synthetic
lagos,2025-09-08,34.79,27.28,synthetic
lagos,2025-09-09,34.59,26.75,synthetic
lagos,2025-09-10,33.9,25.59,synthetic
lagos,2025-09-11,32.96,24.46,synthetic
lagos,2025-09-12,32.07,23.84,synthetic
lagos,2025-09-13,31.53,23.78,synthetic
lagos,2025-09-14,31.52,24.02,synthetic
lagos,2025-09-15,32.02,24.31,synthetic
lagos,2025-09-16,32.82,24.63,synthetic
lagos,2025-09-17,33.61,25.12,synthetic
lagos,2025-09-18,34.08,25.74,synthetic
lagos,2025-09-19,34.04,26.16,synthetic
lagos,2025-09-20,33.48,25.95,synthetic
lagos,2025-09-21,32.58,24.97,synthetic
lagos,2025-09-22,31.64,23.59,synthetic
lagos,2025-09-23,30.97,22.52,synthetic
lagos,2025-09-24,30.8,22.37,synthetic
lagos,2025-09-25,31.16,23.14,synthetic
lagos,2025-09-26,31.89,24.3,synthetic
lagos,2025-09-27,32.72,25.18,synthetic
lagos,2025-09-28,33.31,25.4,synthetic
lagos,2025-09-29,33.44,25.07,synthetic
lagos,2025-09-30,33.03,24.55,synthetic
lagos,2025-10-01,32.2,24.04,synthetic
lagos,2025-10-02,31.23,23.54,synthetic
lagos,2025-10-03,30.46,22.96,synthetic
lagos,2025-10-04,30.12,22.34,synthetic
lagos,2025-10-05,30.33,22.07,synthetic
lagos,2025-10-06,30.98,22.48,synthetic
lagos,2025-10-07,31.82,23.54,synthetic
lagos,2025-10-08,32.52,24.71,synthetic
lagos,2025-10-09,32.8,25.29,synthetic
lagos,2025-10-10,32.55,24.89,synthetic
lagos,2025-10-11,31.83,23.7,synthetic
lagos,2025-10-12,30.87,22.39,synthetic
lagos,2025-10-13,30.01,21.62,synthetic
lagos,2025-10-14,29.53,21.59,synthetic
lagos,2025-10-15,29.58,22.03,synthetic
lagos,2025-10-16,30.12,22.55,synthetic
lagos,2025-10-17,30.94,22.95,synthetic
lagos,2025-10-18,31.72,23.31,synthetic
lagos,2025-10-19,32.15,23.69,synthetic
lagos,2025-10-20,32.07,23.99,synthetic
lagos,2025-10-21,31.47,23.84,synthetic
lagos,2025-10-22,30.56,23.04,synthetic
lagos,2025-10-23,29.64,21.79,synthetic
lagos,2025-10-24,29.03,20.71,synthetic
lagos,2025-10-25,28.92,20.42,synthetic
lagos,2025-10-26,29.34,21.12,synthetic
lagos,2025-10-27,30.11,22.37,synthetic
lagos,2025-10-28,30.94,23.44,synthetic
lagos,2025-10-29,31.51,23.79,synthetic
lagos,2025-10-30,31.59,23.39,synthetic
lagos,2025-10-31,31.14,22.65,synthetic
lagos,2025-11-01,30.3,21.96,synthetic
lagos,2025-11-02,29.36,21.49,synthetic
lagos,2025-11-03,28.63,21.11,synthetic
lagos,2025-11-04,28.37,20.75,synthetic
lagos,2025-11-05,28.64,20.58,synthetic
lagos,2025-11-06,29.35,20.9,synthetic
lagos,2025-11-07,30.2,21.77,synthetic
lagos,2025-11-08,30.89,22.88,synthetic
lagos,2025-11-09,31.14,23.56,synthetic
lagos,2025-11-10,30.85,23.31,synthetic
lagos,2025-11-11,30.11,22.19,synthetic
lagos,2025-11-12,29.17,20.8,synthetic
lagos,2025-11-13,28.36,19.88,synthetic
lagos,2025-11-14,27.95,19.8,synthetic
lagos,2025-11-15,28.07,20.39,synthetic
lagos,2025-11-16,28.68,21.18,synthetic
lagos,2025-11-17,29.53,21.74,synthetic
lagos,2025-11-18,30.31,22.05,synthetic
lagos,2025-11-19,30.72,22.22,synthetic
lagos,2025-11-20,30.6,22.32,synthetic
lagos,2025-11-21,29.99,22.19,synthetic
lagos,2025-11-22,29.09,21.58,synthetic
lagos,2025-11-23,28.21,20.54,synthetic
lagos,2025-11-24,27.66,19.52,synthetic
lagos,2025-11-25,27.64,19.16,synthetic
lagos,2025-11-26,28.13,19.75,synthetic
lagos,2025-11-27,28.95,21.02,synthetic
lagos,2025-11-28,29.79,22.24,synthetic
lagos,2025-11-29,30.35,22.77,synthetic
lagos,2025-11-30,30.41,22.41,synthetic
lagos,2025-12-01,29.94,21.52,synthetic
lagos,2025-12-02,29.1,20.64,synthetic
lagos,2025-12-03,28.19,20.12,synthetic
lagos,2025-12-04,27.53,19.91,synthetic
lagos,2025-12-05,27.35,19.83,synthetic
lagos,2025-12-06,27.71,19.85,synthetic
lagos,2025-12-07,28.47,20.14,synthetic
lagos,2025-12-08,29.35,20.85,synthetic
lagos,2025-12-09,30.03,21.82,synthetic
lagos,2025-12-10,30.26,22.53,synthetic
lagos,2025-12-11,29.96,22.46,synthetic
lagos,2025-12-12,29.21,21.48,synthetic
lagos,2025-12-13,28.3,20.09,synthetic
lagos,2025-12-14,27.55,19.06,synthetic
lagos,2025-12-15,27.22,18.89,synthetic
lagos,2025-12-16,27.43,19.57,synthetic
lagos,2025-12-17,28.11,20.59,synthetic
lagos,2025-12-18,29.0,21.38,synthetic
lagos,2025-12-19,29.79,21.72,synthetic
lagos,2025-12-20,30.18,21.73,synthetic
lagos,2025-12-21,30.05,21.63,synthetic
lagos,2025-12-22,29.42,21.42,synthetic
lagos,2025-12-23,28.54,20.96,synthetic
lagos,2025-12-24,27.72,20.17,synthetic
lagos,2025-12-25,27.25,19.32,synthetic
lagos,2025-12-26,27.31,18.93,synthetic
lagos,2025-12-27,27.88,19.4,synthetic
lagos,2025-12-28,28.75,20.61,synthetic
lagos,2025-12-29,29.62,21.95,synthetic
lagos,2025-12-30,30.16,22.65,synthetic
lagos,2025-12-31,30.2,22.41,synthetic
